HDI Rank (2017),Country,Country_Code,Two_Letter_Country_Code,1990,1991,1992,1993,1994,1995,1996,1997,1998,1999,2000,2001,2002,2003,2004,2005,2006,2007,2008,2009,2010,2011,2012,2013,2014,2015,2016,2017,Continent_Name,Continent_Code,Country_Name,Three_Letter_Country_Code,Country_Number,Country_y,Year_2017,lang_name,Capital,Currency,Ranking,Name,Code
168,Afghanistan,AFG,AF,0,0,0,0,0,0,0,0,0,0,0,0,0.373,0.383,0.398,0.408,0.417,0.429,0.437,0.453,0.463,0.471,0.482,0.487,0.491,0.493,0.494,0.498,Asia,AS,Afghanistan,AFG,4,Afghanistan,34656032,Pashto,Kabul,Afghani,115,Afghanistan,AF
68,Albania,ALB,AL,0.645,0.626,0.61,0.613,0.619,0.632,0.641,0.641,0.652,0.662,0.669,0.676,0.682,0.689,0.694,0.704,0.711,0.72,0.724,0.729,0.741,0.752,0.767,0.771,0.773,0.776,0.782,0.785,Europe,EU,Albania,ALB,8,Albania,2876101,Albanian,Tirana,Lek,122,Albania,AL
85,Algeria,DZA,DZ,0.577,0.581,0.587,0.591,0.595,0.6,0.608,0.617,0.627,0.636,0.644,0.653,0.664,0.674,0.684,0.692,0.698,0.707,0.709,0.719,0.729,0.736,0.74,0.745,0.747,0.749,0.753,0.754,Africa,AF,Algeria,DZA,12,Algeria,40606052,Tamazight (Latin),Algiers,Algerian Dinar,54,Algeria,DZ
35,Andorra,AND,AD,0,0,0,0,0,0,0,0,0,0,0.759,0.767,0.78,0.82,0.826,0.819,0.829,0.829,0.831,0.83,0.828,0.827,0.849,0.85,0.853,0.854,0.856,0.858,Europe,EU,Andorra,AND,20,Andorra,77281, ,Andorra la Vella,Euros,167,Andorra,AD
147,Angola,AGO,AO,0,0,0,0,0,0,0,0,0,0.374,0.387,0.401,0.418,0.429,0.442,0.455,0.471,0.492,0.502,0.522,0.52,0.535,0.543,0.554,0.564,0.572,0.577,0.581,Africa,AF,Angola,AGO,24,Angola,28813463, ,Luanda,Angolan kwanza,62,Angola,AO
70,Antigua and Barbuda,ATG,AG,0,0,0,0,0,0,0,0,0,0,0,0,0,0,0,0.766,0.772,0.778,0.777,0.77,0.766,0.762,0.765,0.768,0.77,0.775,0.778,0.78,North America,,Antigua and Barbuda,ATG,28,Antigua and Barbuda,100963, ,St. John's,East Caribbean Dollar,184,Antigua and Barbuda,AG
47,Argentina,ARG,AR,0.704,0.713,0.72,0.725,0.728,0.731,0.738,0.746,0.753,0.764,0.771,0.776,0.769,0.775,0.78,0.782,0.787,0.792,0.795,0.799,0.813,0.819,0.818,0.82,0.82,0.822,0.822,0.825,South America,SA,Argentina,ARG,32,Argentina,43847430,Spanish,Buenos Aires,Peso,24,Argentina,AR
83,Armenia,ARM,AM,0.631,0.628,0.58,0.588,0.599,0.605,0.612,0.623,0.636,0.642,0.647,0.652,0.663,0.672,0.68,0.693,0.706,0.72,0.727,0.724,0.728,0.731,0.737,0.742,0.745,0.748,0.749,0.755,Europe,EU,Armenia,ARM,51,Armenia,2924816,Armenian,Yerevan,Dram,134,Armenia,AM
83,Armenia,ARM,AM,0.631,0.628,0.58,0.588,0.599,0.605,0.612,0.623,0.636,0.642,0.647,0.652,0.663,0.672,0.68,0.693,0.706,0.72,0.727,0.724,0.728,0.731,0.737,0.742,0.745,0.748,0.749,0.755,Europe,EU,Armenia,ARM,51,Armenia,2924816,Armenian,Yerevan,Dram,134,Armenia,AM
83,Armenia,ARM,AM,0.631,0.628,0.58,0.588,0.599,0.605,0.612,0.623,0.636,0.642,0.647,0.652,0.663,0.672,0.68,0.693,0.706,0.72,0.727,0.724,0.728,0.731,0.737,0.742,0.745,0.748,0.749,0.755,Asia,AS,Armenia,ARM,51,Armenia,2924816,Armenian,Yerevan,Dram,134,Armenia,AM
83,Armenia,ARM,AM,0.631,0.628,0.58,0.588,0.599,0.605,0.612,0.623,0.636,0.642,0.647,0.652,0.663,0.672,0.68,0.693,0.706,0.72,0.727,0.724,0.728,0.731,0.737,0.742,0.745,0.748,0.749,0.755,Asia,AS,Armenia,ARM,51,Armenia,2924816,Armenian,Yerevan,Dram,134,Armenia,AM
3,Australia,AUS,AU,0.866,0.867,0.868,0.872,0.875,0.883,0.886,0.889,0.892,0.895,0.898,0.9,0.903,0.904,0.907,0.908,0.911,0.915,0.92,0.921,0.923,0.925,0.929,0.931,0.933,0.936,0.938,0.939,Oceania,OC,Australia,AUS,36,Australia,24127159,English,Canberra,Australian Dollar,13,Australia,AU
20,Austria,AUT,AT,0.795,0.8,0.805,0.807,0.813,0.817,0.82,0.824,0.835,0.834,0.838,0.849,0.838,0.842,0.849,0.855,0.861,0.881,0.884,0.886,0.895,0.897,0.899,0.897,0.901,0.903,0.906,0.908,Europe,EU,Austria,AUT,40,Austria,8747358,German,Vienna,Euros,26,Austria,AT
80,Azerbaijan,AZE,AZ,0,0,0,0,0,0.612,0.612,0.617,0.626,0.633,0.64,0.648,0.657,0.666,0.674,0.679,0.704,0.709,0.719,0.736,0.74,0.741,0.745,0.752,0.758,0.758,0.757,0.757,Europe,EU,Azerbaijan,AZE,31,Azerbaijan,9762274,Azeri (Latin),Baku,Manat,89,Azerbaijan,AZ
80,Azerbaijan,AZE,AZ,0,0,0,0,0,0.612,0.612,0.617,0.626,0.633,0.64,0.648,0.657,0.666,0.674,0.679,0.704,0.709,0.719,0.736,0.74,0.741,0.745,0.752,0.758,0.758,0.757,0.757,Europe,EU,Azerbaijan,AZE,31,Azerbaijan,9762274,Azeri (Latin),Baku,Manat,89,Azerbaijan,AZ
80,Azerbaijan,AZE,AZ,0,0,0,0,0,0.612,0.612,0.617,0.626,0.633,0.64,0.648,0.657,0.666,0.674,0.679,0.704,0.709,0.719,0.736,0.74,0.741,0.745,0.752,0.758,0.758,0.757,0.757,Asia,AS,Azerbaijan,AZE,31,Azerbaijan,9762274,Azeri (Latin),Baku,Manat,89,Azerbaijan,AZ
80,Azerbaijan,AZE,AZ,0,0,0,0,0,0.612,0.612,0.617,0.626,0.633,0.64,0.648,0.657,0.666,0.674,0.679,0.704,0.709,0.719,0.736,0.74,0.741,0.745,0.752,0.758,0.758,0.757,0.757,Asia,AS,Azerbaijan,AZE,31,Azerbaijan,9762274,Azeri (Latin),Baku,Manat,89,Azerbaijan,AZ
54,Bahamas,BHS,BS,0,0,0,0,0,0,0,0,0,0,0.776,0.779,0.781,0.782,0.784,0.786,0.788,0.789,0.79,0.787,0.789,0.793,0.807,0.807,0.807,0.807,0.806,0.807,North America,,Bahamas,BHS,44,Bahamas,, ,Nassau,Bahamian Dollar,,Bahamas,BS
43,Bahrain,BHR,BH,0.746,0.752,0.757,0.765,0.769,0.775,0.778,0.779,0.783,0.786,0.792,0.792,0.791,0.793,0.792,0.791,0.793,0.796,0.796,0.794,0.796,0.798,0.8,0.807,0.81,0.832,0.846,0.846,Asia,AS,Bahrain,BHR,48,Bahrain,1425171,Arabic,Manama,Bahraini Dinar,98,Bahrain,BH
136,Bangladesh,BGD,BD,0.387,0.394,0.402,0.409,0.417,0.425,0.433,0.442,0.451,0.46,0.468,0.477,0.483,0.49,0.497,0.505,0.513,0.52,0.523,0.535,0.545,0.557,0.567,0.575,0.583,0.592,0.597,0.608,Asia,AS,Bangladesh,BGD,50,Bangladesh,162951560,Bengali,Dhaka,Taka,42,Bangladesh,BD
58,Barbados,BRB,BB,0.716,0.718,0.718,0.721,0.727,0.731,0.735,0.74,0.736,0.743,0.752,0.751,0.754,0.759,0.762,0.767,0.772,0.777,0.781,0.783,0.782,0.787,0.795,0.796,0.796,0.797,0.799,0.8,North America,,Barbados,BRB,52,Barbados,284996, ,Bridgetown,Barbadian Dollar,160,Barbados,BB
53,Belarus,BLR,BY,0,0,0,0,0,0.657,0.661,0.667,0.671,0.676,0.683,0.689,0.696,0.705,0.715,0.725,0.741,0.757,0.774,0.784,0.792,0.798,0.803,0.804,0.807,0.805,0.805,0.808,Europe,EU,Belarus,BLR,112,Belarus,9507120,Belarusian,Minsk,Belarus Ruble,78,Belarus,BY
17,Belgium,BEL,BE,0.806,0.81,0.825,0.839,0.845,0.852,0.857,0.862,0.866,0.868,0.873,0.876,0.879,0.882,0.885,0.889,0.896,0.899,0.899,0.899,0.903,0.904,0.905,0.908,0.909,0.913,0.915,0.916,Europe,EU,Belgium,BEL,56,Belgium,11348159,French,Brussels,Euros,23,Belgium,BE
106,Belize,BLZ,BZ,0.644,0.651,0.657,0.661,0.661,0.662,0.662,0.664,0.666,0.67,0.677,0.679,0.685,0.692,0.696,0.693,0.7,0.699,0.7,0.699,0.699,0.702,0.706,0.705,0.706,0.709,0.709,0.708,North America,,Belize,BLZ,84,Belize,366954,English,Belmopan,Belizean Dollar,180,Belize,BZ
163,Benin,BEN,BJ,0.348,0.354,0.358,0.365,0.368,0.373,0.377,0.381,0.385,0.391,0.398,0.41,0.419,0.426,0.434,0.44,0.447,0.455,0.462,0.468,0.473,0.479,0.489,0.5,0.505,0.508,0.512,0.515,Africa,AF,Benin,BEN,204,Benin,10872298, ,Porto-Novo,CFA Franc BCEAO,141,Benin,BJ
134,Bhutan,BTN,BT,0,0,0,0,0,0,0,0,0,0,0,0,0,0,0,0.51,0.521,0.535,0.543,0.554,0.566,0.575,0.585,0.589,0.599,0.603,0.609,0.612,Asia,AS,Bhutan,BTN,64,Bhutan,797765, ,Thimphu,Indian Rupee,176,Bhutan,BT
118,Bolivia (Plurinational State of),BOL,,0.536,0.543,0.55,0.557,0.564,0.571,0.578,0.58,0.591,0.6,0.608,0.611,0.617,0.621,0.622,0.624,0.63,0.631,0.64,0.647,0.649,0.655,0.662,0.668,0.675,0.681,0.689,0.693,,,,,,Bolivia (Plurinational State of),,,,,,,
77,Bosnia and Herzegovina,BIH,BA,0,0,0,0,0,0,0,0,0,0,0.672,0.677,0.683,0.688,0.694,0.7,0.706,0.712,0.719,0.72,0.713,0.721,0.739,0.747,0.754,0.755,0.766,0.768,Europe,EU,Bosnia and Herzegovina,BIH,70,Bosnia and Herzegovina,3516816,Serbian (Latin),Sarajevo,Bosnia and Herzegovina convertible mark,114,Bosnia and Herzegovina,BA
101,Botswana,BWA,BW,0.581,0.588,0.587,0.585,0.575,0.577,0.571,0.57,0.567,0.566,0.565,0.567,0.566,0.575,0.584,0.596,0.611,0.625,0.639,0.648,0.66,0.673,0.683,0.693,0.701,0.706,0.712,0.717,Africa,AF,Botswana,BWA,72,Botswana,2250260, ,Gaborone,Pula,116,Botswana,BW
79,Brazil,BRA,BR,0.611,0.615,0.622,0.63,0.64,0.648,0.656,0.664,0.67,0.676,0.684,0.691,0.698,0.695,0.698,0.7,0.702,0.705,0.716,0.718,0.727,0.731,0.736,0.748,0.752,0.757,0.758,0.759,South America,SA,Brazil,BRA,76,Brazil,207652865,Portuguese,Brasília,Brazil,9,Brazil,BR
39,Brunei Darussalam,BRN,BN,0.782,0.787,0.792,0.797,0.801,0.805,0.807,0.81,0.812,0.818,0.819,0.82,0.823,0.828,0.834,0.838,0.84,0.84,0.84,0.842,0.842,0.846,0.852,0.853,0.853,0.852,0.852,0.853,Asia,AS,Brunei Darussalam,BRN,96,Brunei Darussalam,423196,,,Bruneian Dollar,129,Brunei Darussalam,BN
51,Bulgaria,BGR,BG,0.694,0.691,0.691,0.69,0.691,0.696,0.702,0.704,0.709,0.708,0.712,0.722,0.729,0.738,0.745,0.75,0.756,0.764,0.771,0.774,0.779,0.782,0.786,0.792,0.797,0.807,0.81,0.813,Europe,EU,Bulgaria,BGR,100,Bulgaria,7127822,Bulgarian,Sofia,Lev,74,Bulgaria,BG
183,Burkina Faso,BFA,BF,0,0,0,0,0,0,0,0,0,0,0.286,0.29,0.296,0.303,0.312,0.324,0.333,0.344,0.357,0.366,0.375,0.385,0.394,0.401,0.405,0.412,0.42,0.423,Africa,AF,Burkina Faso,BFA,854,Burkina Faso,18646433, ,Ouagadougou,CFA Franc BCEAO,127,Burkina Faso,BF
185,Burundi,BDI,BI,0.297,0.3,0.297,0.299,0.298,0.296,0.294,0.296,0.3,0.3,0.303,0.302,0.31,0.316,0.324,0.33,0.35,0.361,0.372,0.387,0.395,0.403,0.408,0.414,0.421,0.418,0.418,0.417,Africa,AF,Burundi,BDI,108,Burundi,10524117, ,Bujumbura,Burundi Franc,169,Burundi,BI
125,Cabo Verde,CPV,,0,0,0,0,0,0,0,0,0,0,0.57,0.575,0.585,0.589,0.592,0.598,0.613,0.619,0.625,0.626,0.629,0.635,0.636,0.642,0.644,0.647,0.652,0.654,,,,,,Cabo Verde,539560,,,,178,,
146,Cambodia,KHM,KH,0.364,0.368,0.373,0.377,0.38,0.387,0.391,0.397,0.402,0.407,0.42,0.434,0.453,0.466,0.478,0.49,0.502,0.513,0.521,0.521,0.537,0.546,0.553,0.56,0.566,0.571,0.576,0.582,Asia,AS,Cambodia,KHM,116,Cambodia,15762370,Khmer,Phnom Penh,Riel,108,Cambodia,KH
151,Cameroon,CMR,CM,0.44,0.436,0.432,0.426,0.423,0.422,0.422,0.422,0.428,0.426,0.431,0.448,0.451,0.458,0.464,0.466,0.472,0.484,0.492,0.499,0.506,0.515,0.526,0.535,0.543,0.548,0.553,0.556,Africa,AF,Cameroon,CMR,120,Cameroon,23439189, ,Yaoundé,CFA Franc BEAC,97,Cameroon,CM
12,Canada,CAN,CA,0.849,0.853,0.856,0.854,0.859,0.861,0.863,0.862,0.861,0.864,0.867,0.872,0.877,0.882,0.887,0.892,0.895,0.897,0.899,0.899,0.902,0.905,0.908,0.911,0.918,0.92,0.922,0.926,North America,,Canada,CAN,124,Canada,36286425,Mohawk,Ottawa,Canadian Dollar,10,Canada,CA
188,Central African Republic,CAF,CF,0.317,0.312,0.299,0.299,0.301,0.303,0.3,0.302,0.304,0.308,0.309,0.311,0.312,0.311,0.315,0.319,0.325,0.331,0.337,0.343,0.351,0.358,0.365,0.344,0.349,0.357,0.362,0.367,Africa,AF,Central African Republic,CAF,140,Central African Republic,4594621, ,Bangui,CFA Franc BEAC,177,Central African Republic,CF
186,Chad,TCD,TD,0,0,0,0,0,0,0,0,0,0,0.299,0.306,0.311,0.309,0.323,0.33,0.332,0.342,0.348,0.363,0.371,0.382,0.391,0.397,0.403,0.407,0.405,0.404,Africa,AF,Chad,TCD,148,Chad,14452543, ,N'Djamena,CFA Franc BEAC,138,Chad,TD
44,Chile,CHL,CL,0.701,0.711,0.719,0.713,0.718,0.727,0.734,0.741,0.747,0.753,0.759,0.766,0.768,0.774,0.783,0.788,0.788,0.795,0.806,0.804,0.808,0.814,0.819,0.828,0.833,0.84,0.842,0.843,South America,SA,Chile,CHL,152,Chile,17909754,Spanish,Santiago,Chilean Peso,41,Chile,CL
86,China,CHN,CN,0.502,0.51,0.521,0.531,0.541,0.55,0.559,0.568,0.576,0.585,0.594,0.602,0.611,0.623,0.635,0.647,0.661,0.675,0.685,0.694,0.706,0.714,0.722,0.729,0.738,0.743,0.748,0.752,Asia,AS,China,CHN,156,China,1378665000,Yi,Beijing,Yuan Renminbi,2,China,CN
90,Colombia,COL,CO,0.592,0.595,0.606,0.612,0.619,0.625,0.634,0.642,0.649,0.649,0.653,0.656,0.658,0.657,0.671,0.683,0.691,0.704,0.71,0.715,0.719,0.725,0.725,0.735,0.738,0.742,0.747,0.747,South America,SA,Colombia,COL,170,Colombia,48653419,Spanish,Bogotá,Peso,39,Colombia,CO
165,Comoros,COM,KM,0,0,0,0,0,0,0,0,0,0,0,0,0,0,0.449,0.455,0.461,0.466,0.47,0.476,0.482,0.487,0.493,0.499,0.501,0.502,0.502,0.503,Africa,AF,Comoros,COM,174,Comoros,795601, ,Moroni,Comoran Franc,190,Comoros,KM
137,Congo,COG,CG,0.536,0.535,0.535,0.528,0.524,0.507,0.504,0.505,0.509,0.496,0.49,0.495,0.497,0.498,0.501,0.5,0.503,0.52,0.536,0.55,0.557,0.56,0.573,0.582,0.595,0.613,0.612,0.606,Africa,AF,Congo,COG,178,Congo,, ,,,,Congo,CG
137,Congo,COD,CG,0.536,0.535,0.535,0.528,0.524,0.507,0.504,0.505,0.509,0.496,0.49,0.495,0.497,0.498,0.501,0.5,0.503,0.52,0.536,0.55,0.557,0.56,0.573,0.582,0.595,0.613,0.612,0.606,Africa,AF,Congo,COD,180,Congo,, ,,,,Congo,CG
137,Congo,COD,CG,0.536,0.535,0.535,0.528,0.524,0.507,0.504,0.505,0.509,0.496,0.49,0.495,0.497,0.498,0.501,0.5,0.503,0.52,0.536,0.55,0.557,0.56,0.573,0.582,0.595,0.613,0.612,0.606,Africa,AF,Congo,COD,180,Congo (Democratic Republic of the),,,,,,Congo,CG
176,Congo (Democratic Republic of the),COD,,0.356,0.353,0,0.34,0.334,0.333,0.337,0.334,0.334,0.331,0.333,0.333,0.34,0.349,0.357,0.364,0.372,0.379,0.39,0.397,0.407,0.415,0.42,0.426,0.436,0.444,0.452,0.457,,,,,,Congo,, ,,,,,
176,Congo (Democratic Republic of the),COD,,0.356,0.353,0,0.34,0.334,0.333,0.337,0.334,0.334,0.331,0.333,0.333,0.34,0.349,0.357,0.364,0.372,0.379,0.39,0.397,0.407,0.415,0.42,0.426,0.436,0.444,0.452,0.457,,,,,,Congo (Democratic Republic of the),,,,,,,
63,Costa Rica,CRI,CR,0.656,0.661,0.67,0.677,0.682,0.687,0.691,0.697,0.703,0.707,0.711,0.714,0.717,0.721,0.725,0.728,0.734,0.742,0.75,0.752,0.754,0.76,0.772,0.776,0.78,0.788,0.791,0.794,North America,,Costa Rica,CRI,188,Costa Rica,4857274,Spanish,San José,Costa Rican Colon,77,Costa Rica,CR
46,Croatia,HRV,HR,0.67,0.665,0.664,0.666,0.68,0.696,0.709,0.719,0.731,0.739,0.75,0.759,0.766,0.771,0.778,0.783,0.793,0.8,0.803,0.802,0.808,0.815,0.816,0.821,0.824,0.827,0.828,0.831,Europe,EU,Croatia,HRV,191,Croatia,4170600,Croatian,Zagreb,,76,Croatia,HR
73,Cuba,CUB,CU,0.676,0.67,0.663,0.656,0.652,0.654,0.665,0.669,0.672,0.679,0.686,0.692,0.694,0.704,0.718,0.731,0.753,0.77,0.78,0.782,0.779,0.778,0.767,0.765,0.768,0.772,0.774,0.777,North America,,Cuba,CUB,192,Cuba,11475982, ,Havana,Cuban Peso,64,Cuba,CU
32,Cyprus,CYP,CY,0.732,0.735,0.74,0.777,0.781,0.786,0.789,0.792,0.8,0.799,0.802,0.807,0.816,0.824,0.828,0.831,0.837,0.846,0.852,0.856,0.85,0.853,0.852,0.853,0.856,0.86,0.867,0.869,Europe,EU,Cyprus,CYP,196,Cyprus,1170125, ,Nicosia,Cypriot Pound,109,Cyprus,CY
32,Cyprus,CYP,CY,0.732,0.735,0.74,0.777,0.781,0.786,0.789,0.792,0.8,0.799,0.802,0.807,0.816,0.824,0.828,0.831,0.837,0.846,0.852,0.856,0.85,0.853,0.852,0.853,0.856,0.86,0.867,0.869,Europe,EU,Cyprus,CYP,196,Cyprus,1170125, ,Nicosia,Cypriot Pound,109,Cyprus,CY
32,Cyprus,CYP,CY,0.732,0.735,0.74,0.777,0.781,0.786,0.789,0.792,0.8,0.799,0.802,0.807,0.816,0.824,0.828,0.831,0.837,0.846,0.852,0.856,0.85,0.853,0.852,0.853,0.856,0.86,0.867,0.869,Asia,AS,Cyprus,CYP,196,Cyprus,1170125, ,Nicosia,Cypriot Pound,109,Cyprus,CY
32,Cyprus,CYP,CY,0.732,0.735,0.74,0.777,0.781,0.786,0.789,0.792,0.8,0.799,0.802,0.807,0.816,0.824,0.828,0.831,0.837,0.846,0.852,0.856,0.85,0.853,0.852,0.853,0.856,0.86,0.867,0.869,Asia,AS,Cyprus,CYP,196,Cyprus,1170125, ,Nicosia,Cypriot Pound,109,Cyprus,CY
27,Czechia,CZE,,0.73,0.726,0.728,0.735,0.744,0.753,0.768,0.774,0.775,0.785,0.796,0.806,0.813,0.822,0.825,0.835,0.843,0.85,0.854,0.857,0.862,0.865,0.865,0.874,0.879,0.882,0.885,0.888,,,,,,Czechia,,,,,,,
170,Côte d'Ivoire,CIV,,0.388,0.387,0.387,0.386,0.386,0.387,0.388,0.391,0.389,0.392,0.394,0.396,0.399,0.402,0.407,0.413,0.418,0.424,0.43,0.437,0.442,0.445,0.454,0.462,0.465,0.478,0.486,0.492,,,,,,Côte d'Ivoire,,,Yamoussoukro,,90,,
11,Denmark,DNK,DK,0.799,0.804,0.809,0.815,0.824,0.831,0.837,0.843,0.849,0.861,0.863,0.876,0.883,0.894,0.898,0.903,0.905,0.904,0.909,0.906,0.91,0.922,0.924,0.931,0.928,0.926,0.928,0.929,Europe,EU,Denmark,DNK,208,Denmark,5731118,Danish,Copenhagen,Danish Krone,37,Denmark,DK
172,Djibouti,DJI,DJ,0,0,0,0,0,0.355,0.353,0.357,0.359,0.362,0.363,0.372,0.378,0.388,0.396,0.405,0.416,0.426,0.435,0.441,0.449,0.454,0.459,0.463,0.467,0.47,0.474,0.476,Africa,AF,Djibouti,DJI,262,Djibouti,942333, ,Djibouti,Djiboutian Franc,179,Djibouti,DJ
103,Dominica,DMA,DM,0,0,0,0,0,0,0,0,0,0,0.693,0.697,0.696,0.702,0.704,0.705,0.711,0.715,0.72,0.72,0.722,0.722,0.721,0.721,0.724,0.721,0.718,0.715,North America,,Dominica,DMA,212,Dominica,73543, ,Roseau,East Caribbean Dollar,197,Dominica,DM
94,Dominican Republic,DOM,DO,0.598,0.603,0.612,0.618,0.623,0.629,0.635,0.641,0.646,0.651,0.657,0.66,0.664,0.666,0.668,0.675,0.682,0.691,0.695,0.696,0.703,0.706,0.71,0.713,0.718,0.729,0.733,0.736,North America,,Dominican Republic,DOM,214,Dominican Republic,10648791,Spanish,Santo Domingo,Dominican Peso,68,Dominican Republic,DO
94,Dominican Republic,DOM,DO,0.598,0.603,0.612,0.618,0.623,0.629,0.635,0.641,0.646,0.651,0.657,0.66,0.664,0.666,0.668,0.675,0.682,0.691,0.695,0.696,0.703,0.706,0.71,0.713,0.718,0.729,0.733,0.736,North America,,Dominican Republic,DOM,214,Dominican Republic,10648791,Spanish,Santo Domingo,Dominican Peso,68,Dominican Republic,DO
94,Dominican Republic,DOM,DO,0.598,0.603,0.612,0.618,0.623,0.629,0.635,0.641,0.646,0.651,0.657,0.66,0.664,0.666,0.668,0.675,0.682,0.691,0.695,0.696,0.703,0.706,0.71,0.713,0.718,0.729,0.733,0.736,North America,,Dominican Republic,DOM,214,Dominican Republic,10648791,Spanish,Santo Domingo,Dominican Peso,68,Dominican Republic,DO
86,Ecuador,ECU,EC,0.643,0.646,0.65,0.654,0.658,0.662,0.664,0.668,0.671,0.668,0.67,0.675,0.679,0.682,0.688,0.693,0.696,0.698,0.711,0.712,0.715,0.721,0.726,0.734,0.742,0.743,0.749,0.752,South America,SA,Ecuador,ECU,218,Ecuador,16385068,Spanish,Quito,Sucre,60,Ecuador,EC
115,Egypt,EGY,EG,0.546,0.55,0.557,0.562,0.569,0.576,0.584,0.591,0.592,0.605,0.611,0.616,0.62,0.622,0.628,0.634,0.642,0.65,0.658,0.66,0.665,0.668,0.675,0.68,0.683,0.691,0.694,0.696,Africa,AF,Egypt,EGY,818,Egypt,,Arabic,Cairo,Egyptian Pound,,Egypt,EG
121,El Salvador,SLV,SV,0.529,0.534,0.546,0.557,0.567,0.577,0.585,0.595,0.604,0.607,0.615,0.62,0.628,0.635,0.643,0.651,0.659,0.656,0.659,0.659,0.671,0.666,0.67,0.671,0.67,0.674,0.679,0.674,North America,,El Salvador,SLV,222,El Salvador,6344722,Spanish,San Salvador,Salvadoran Colon,106,El Salvador,SV
141,Equatorial Guinea,GNQ,GQ,0,0,0,0,0,0,0,0,0,0,0.516,0.532,0.525,0.539,0.53,0.567,0.578,0.585,0.586,0.589,0.581,0.584,0.589,0.59,0.59,0.593,0.593,0.591,Africa,AF,Equatorial Guinea,GNQ,226,Equatorial Guinea,1221490, ,Malabo,CFA Franc BEAC,130,Equatorial Guinea,GQ
179,Eritrea,ERI,ER,0,0,0,0,0,0,0,0,0,0,0,0,0,0,0,0.408,0.409,0.411,0.407,0.416,0.416,0.417,0.422,0.425,0.428,0.433,0.436,0.44,Africa,AF,Eritrea,ERI,232,Eritrea,, ,Asmara,Ethiopian Birr,,Eritrea,ER
30,Estonia,EST,EE,0.733,0.728,0.719,0.712,0.716,0.727,0.738,0.751,0.763,0.769,0.78,0.79,0.799,0.806,0.814,0.825,0.832,0.839,0.841,0.839,0.845,0.853,0.859,0.862,0.864,0.866,0.868,0.871,Europe,EU,Estonia,EST,233,Estonia,1316481,Estonian,Tallinn,Estonian Kroon,101,Estonia,EE
144,Eswatini (Kingdom of),SWZ,,0.536,0.537,0.536,0.531,0.524,0.52,0.513,0.504,0.492,0.483,0.471,0.464,0.455,0.454,0.465,0.48,0.496,0.507,0.517,0.527,0.538,0.55,0.561,0.572,0.58,0.584,0.586,0.588,,,,,,Eswatini (Kingdom of),,,,,,,
173,Ethiopia,GNB,ET,0,0,0,0,0,0,0,0,0,0,0.283,0.298,0.306,0.31,0.325,0.346,0.362,0.378,0.394,0.401,0.412,0.423,0.43,0.438,0.445,0.451,0.457,0.463,Africa,AF,Ethiopia,ETH,231,Ethiopia,102403196,Amharic,Addis Ababa,Ethiopian Birr,67,Ethiopia,ET
173,Ethiopia,GNB,ET,0,0,0,0,0,0,0,0,0,0,0.283,0.298,0.306,0.31,0.325,0.346,0.362,0.378,0.394,0.401,0.412,0.423,0.43,0.438,0.445,0.451,0.457,0.463,Africa,AF,Ethiopia,ETH,231,Guinea,12395924, ,Conakry,Guinean Franc,140,Ethiopia,ET
173,Ethiopia,GNB,ET,0,0,0,0,0,0,0,0,0,0,0.283,0.298,0.306,0.31,0.325,0.346,0.362,0.378,0.394,0.401,0.412,0.423,0.43,0.438,0.445,0.451,0.457,0.463,Africa,AF,Ethiopia,ETH,231,Guinea-Bissau,1815698, ,Bissau,CFA Franc BCEAO,187,Ethiopia,ET
92,Fiji,HKG,FJ,0.643,0.651,0.655,0.659,0.666,0.673,0.676,0.675,0.676,0.681,0.683,0.687,0.689,0.691,0.699,0.695,0.698,0.702,0.703,0.707,0.711,0.717,0.719,0.727,0.73,0.738,0.738,0.741,Oceania,OC,Fiji,FJI,242,Fiji,898760, ,Suva,Fijian Dollar,153,Fiji,FJ
92,Fiji,HKG,FJ,0.643,0.651,0.655,0.659,0.666,0.673,0.676,0.675,0.676,0.681,0.683,0.687,0.689,0.691,0.699,0.695,0.698,0.702,0.703,0.707,0.711,0.717,0.719,0.727,0.73,0.738,0.738,0.741,Oceania,OC,Fiji,FJI,242,Hong Kong,,Chinese (Traditional) legacy,,HKD,,Fiji,FJ
15,Finland,IRN,FI,0.784,0.787,0.795,0.799,0.809,0.816,0.823,0.832,0.84,0.848,0.858,0.864,0.867,0.87,0.891,0.895,0.899,0.901,0.904,0.899,0.903,0.907,0.908,0.912,0.914,0.915,0.918,0.92,Europe,EU,Finland,FIN,246,Finland,5495096,Swedish,Helsinki,Euros,43,Finland,FI
15,Finland,IRN,FI,0.784,0.787,0.795,0.799,0.809,0.816,0.823,0.832,0.84,0.848,0.858,0.864,0.867,0.87,0.891,0.895,0.899,0.901,0.904,0.899,0.903,0.907,0.908,0.912,0.914,0.915,0.918,0.92,Europe,EU,Finland,FIN,246,Iran (Islamic Republic of),,,,Iranian Rial,,Finland,FI
24,France,IRQ,FR,0.779,0.788,0.798,0.804,0.818,0.825,0.83,0.834,0.839,0.845,0.849,0.851,0.853,0.857,0.86,0.869,0.874,0.876,0.878,0.878,0.882,0.884,0.886,0.889,0.894,0.898,0.899,0.901,Europe,EU,France,FRA,250,France,66896109,Occitan,Paris,Euros,6,France,FR
24,France,IRQ,FR,0.779,0.788,0.798,0.804,0.818,0.825,0.83,0.834,0.839,0.845,0.849,0.851,0.853,0.857,0.86,0.869,0.874,0.876,0.878,0.878,0.882,0.884,0.886,0.889,0.894,0.898,0.899,0.901,Europe,EU,France,FRA,250,Iraq,37202572,Arabic,Baghdad,Iraqi Dinar,49,France,FR
24,France,IRQ,FR,0.779,0.788,0.798,0.804,0.818,0.825,0.83,0.834,0.839,0.845,0.849,0.851,0.853,0.857,0.86,0.869,0.874,0.876,0.878,0.878,0.882,0.884,0.886,0.889,0.894,0.898,0.899,0.901,Europe,EU,France,FRA,250,Iraq,37202572,Arabic,Baghdad,Iraqi Dinar,49,France,FR
110,Gabon,GAB,GA,0.62,0.625,0.624,0.626,0.63,0.632,0.634,0.637,0.64,0.636,0.633,0.636,0.639,0.641,0.641,0.647,0.647,0.652,0.653,0.661,0.665,0.67,0.678,0.687,0.693,0.694,0.698,0.702,Africa,AF,Gabon,GAB,266,Gabon,1979786, ,Libreville,CFA Franc BEAC,119,Gabon,GA
174,Gambia,GMB,GM,0.333,0.337,0.342,0.346,0.349,0.353,0.36,0.364,0.371,0.378,0.385,0.393,0.397,0.403,0.412,0.416,0.421,0.427,0.435,0.438,0.441,0.44,0.445,0.453,0.454,0.457,0.457,0.46,Africa,AF,Gambia,GMB,270,Gambia,, ,Banjul,Dalasi,,Gambia,GM
70,Georgia,GEO,GE,0,0,0,0,0,0,0,0,0,0,0.673,0.678,0.684,0.693,0.701,0.712,0.718,0.73,0.728,0.731,0.735,0.741,0.75,0.757,0.765,0.771,0.776,0.78,Europe,EU,Georgia,GEO,268,Georgia,3719300,Georgian,Tbilisi,Lari,120,Georgia,GE
70,Georgia,GEO,GE,0,0,0,0,0,0,0,0,0,0,0.673,0.678,0.684,0.693,0.701,0.712,0.718,0.73,0.728,0.731,0.735,0.741,0.75,0.757,0.765,0.771,0.776,0.78,Europe,EU,Georgia,GEO,268,Georgia,3719300,Georgian,Tbilisi,Lari,120,Georgia,GE
70,Georgia,GEO,GE,0,0,0,0,0,0,0,0,0,0,0.673,0.678,0.684,0.693,0.701,0.712,0.718,0.73,0.728,0.731,0.735,0.741,0.75,0.757,0.765,0.771,0.776,0.78,Asia,AS,Georgia,GEO,268,Georgia,3719300,Georgian,Tbilisi,Lari,120,Georgia,GE
70,Georgia,GEO,GE,0,0,0,0,0,0,0,0,0,0,0.673,0.678,0.684,0.693,0.701,0.712,0.718,0.73,0.728,0.731,0.735,0.741,0.75,0.757,0.765,0.771,0.776,0.78,Asia,AS,Georgia,GEO,268,Georgia,3719300,Georgian,Tbilisi,Lari,120,Georgia,GE
5,Germany,DEU,DE,0.801,0.809,0.814,0.824,0.829,0.834,0.839,0.844,0.85,0.855,0.868,0.877,0.883,0.889,0.897,0.903,0.911,0.915,0.917,0.917,0.921,0.926,0.928,0.928,0.93,0.933,0.934,0.936,Europe,EU,Germany,DEU,276,Germany,82667685,Upper sorbian,Berlin,Euros,4,Germany,DE
140,Ghana,GHA,GH,0.455,0.46,0.464,0.468,0.47,0.473,0.474,0.476,0.477,0.48,0.484,0.483,0.489,0.49,0.498,0.509,0.519,0.53,0.542,0.547,0.554,0.563,0.57,0.577,0.576,0.585,0.588,0.592,Africa,AF,Ghana,GHA,288,Ghana,28206728, ,Accra,Ghana cedi,73,Ghana,GH
31,Greece,GRC,GR,0.753,0.763,0.764,0.762,0.766,0.768,0.772,0.777,0.787,0.789,0.796,0.806,0.818,0.825,0.835,0.845,0.851,0.849,0.857,0.858,0.856,0.852,0.854,0.856,0.864,0.866,0.868,0.87,Europe,EU,Greece,GRC,300,Greece,10746740,Greek,Athens,Euros,51,Greece,GR
75,Grenada,GRD,GD,0,0,0,0,0,0,0,0,0,0,0,0,0.702,0.711,0.713,0.727,0.729,0.735,0.739,0.738,0.743,0.747,0.749,0.754,0.761,0.767,0.77,0.772,North America,,Grenada,GRD,308,Grenada,107317, ,St. George's,East Caribbean Dollar,189,Grenada,GD
127,Guatemala,GTM,GT,0.478,0.483,0.49,0.495,0.5,0.507,0.515,0.523,0.531,0.539,0.546,0.554,0.56,0.564,0.567,0.571,0.579,0.59,0.598,0.604,0.611,0.619,0.613,0.616,0.643,0.645,0.649,0.65,North America,,Guatemala,GTM,320,Guatemala,16582469,Spanish,Guatemala City,Quetzal,70,Guatemala,GT
175,Guinea,GIN,GN,0.276,0.28,0.283,0.287,0.291,0.295,0.299,0.307,0.314,0.322,0.329,0.336,0.345,0.336,0.361,0.371,0.38,0.39,0.396,0.399,0.404,0.418,0.428,0.435,0.44,0.443,0.449,0.459,Africa,AF,Guinea,GIN,324,Guinea,12395924, ,Conakry,Guinean Franc,140,Guinea,GN
175,Guinea,GNB,GN,0.276,0.28,0.283,0.287,0.291,0.295,0.299,0.307,0.314,0.322,0.329,0.336,0.345,0.336,0.361,0.371,0.38,0.39,0.396,0.399,0.404,0.418,0.428,0.435,0.44,0.443,0.449,0.459,Africa,AF,Guinea,GNB,624,Ethiopia,102403196,Amharic,Addis Ababa,Ethiopian Birr,67,Guinea,GN
175,Guinea,GNB,GN,0.276,0.28,0.283,0.287,0.291,0.295,0.299,0.307,0.314,0.322,0.329,0.336,0.345,0.336,0.361,0.371,0.38,0.39,0.396,0.399,0.404,0.418,0.428,0.435,0.44,0.443,0.449,0.459,Africa,AF,Guinea,GNB,624,Guinea,12395924, ,Conakry,Guinean Franc,140,Guinea,GN
175,Guinea,GNB,GN,0.276,0.28,0.283,0.287,0.291,0.295,0.299,0.307,0.314,0.322,0.329,0.336,0.345,0.336,0.361,0.371,0.38,0.39,0.396,0.399,0.404,0.418,0.428,0.435,0.44,0.443,0.449,0.459,Africa,AF,Guinea,GNB,624,Guinea-Bissau,1815698, ,Bissau,CFA Franc BCEAO,187,Guinea,GN
177,Guinea-Bissau,GNB,GW,0,0,0,0,0,0,0,0,0,0,0,0,0,0,0,0.396,0.404,0.409,0.415,0.421,0.426,0.435,0.437,0.44,0.445,0.449,0.453,0.455,,,,,,Ethiopia,102403196,Amharic,Addis Ababa,Ethiopian Birr,67,Guinea-Bissau,GW
177,Guinea-Bissau,GNB,GW,0,0,0,0,0,0,0,0,0,0,0,0,0,0,0,0.396,0.404,0.409,0.415,0.421,0.426,0.435,0.437,0.44,0.445,0.449,0.453,0.455,,,,,,Guinea,12395924, ,Conakry,Guinean Franc,140,Guinea-Bissau,GW
177,Guinea-Bissau,GNB,GW,0,0,0,0,0,0,0,0,0,0,0,0,0,0,0,0.396,0.404,0.409,0.415,0.421,0.426,0.435,0.437,0.44,0.445,0.449,0.453,0.455,,,,,,Guinea-Bissau,1815698, ,Bissau,CFA Franc BCEAO,187,Guinea-Bissau,GW
125,Guyana,GUY,GY,0.538,0.533,0.548,0.562,0.572,0.578,0.589,0.594,0.597,0.6,0.604,0.607,0.609,0.605,0.611,0.614,0.614,0.618,0.621,0.624,0.63,0.639,0.642,0.645,0.648,0.651,0.652,0.654,South America,SA,Guyana,GUY,328,Guyana,773303, ,Georgetown,Guyanaese Dollar,163,Guyana,GY
168,Haiti,HTI,HT,0.409,0.409,0.406,0.414,0.417,0.418,0.427,0.431,0.435,0.439,0.442,0.444,0.446,0.449,0.45,0.453,0.458,0.462,0.466,0.47,0.47,0.477,0.481,0.486,0.49,0.493,0.496,0.498,North America,,Haiti,HTI,332,Haiti,10847334, ,Port-au-Prince,Gourde,142,Haiti,HT
133,Honduras,HND,HN,0.506,0.509,0.513,0.521,0.524,0.529,0.534,0.541,0.546,0.549,0.554,0.559,0.563,0.568,0.574,0.58,0.586,0.593,0.59,0.591,0.596,0.598,0.597,0.6,0.603,0.609,0.614,0.617,North America,,Honduras,HND,340,Honduras,9112867,Spanish,Tegucigalpa,Lempira,111,Honduras,HN
7,Hong Kong,HKG,HK,0.781,0.786,0.791,0.799,0.804,0.808,0.811,0.816,0.817,0.821,0.827,0.835,0.842,0.851,0.862,0.871,0.883,0.887,0.896,0.898,0.901,0.904,0.911,0.915,0.923,0.927,0.93,0.933,,,,,,Fiji,898760, ,Suva,Fijian Dollar,153,Hong Kong,HK
7,Hong Kong,HKG,HK,0.781,0.786,0.791,0.799,0.804,0.808,0.811,0.816,0.817,0.821,0.827,0.835,0.842,0.851,0.862,0.871,0.883,0.887,0.896,0.898,0.901,0.904,0.911,0.915,0.923,0.927,0.93,0.933,,,,,,Hong Kong,,Chinese (Traditional) legacy,,HKD,,Hong Kong,HK
45,Hungary,HUN,HU,0.704,0.701,0,0.719,0.733,0.741,0.746,0.747,0.754,0.761,0.769,0.777,0.784,0.792,0.795,0.804,0.811,0.813,0.818,0.818,0.823,0.827,0.83,0.835,0.833,0.834,0.835,0.838,Europe,EU,Hungary,HUN,348,Hungary,9817958,Hungarian,Budapest,Forint,56,Hungary,HU
6,Iceland,ISL,IS,0.802,0.815,0.818,0.818,0.823,0.826,0.831,0.84,0.849,0.853,0.86,0.866,0.875,0.881,0.885,0.889,0.891,0.897,0.89,0.89,0.891,0.901,0.909,0.92,0.925,0.927,0.933,0.935,Europe,EU,Iceland,ISL,352,Iceland,334252,Icelandic,Reykjavík,Icelandic Krona,107,Iceland,IS
130,India,IND,IN,0.427,0.432,0.438,0.445,0.452,0.46,0.467,0.473,0.48,0.488,0.493,0.498,0.504,0.517,0.526,0.535,0.545,0.556,0.564,0.57,0.581,0.591,0.6,0.607,0.618,0.627,0.636,0.64,Asia,AS,India,IND,356,India,1324171354,Telugu,New Delhi,Indian Rupee,7,India,IN
116,Indonesia,IDN,ID,0.528,0.533,0.539,0.545,0.555,0.564,0.577,0.59,0.59,0.598,0.606,0.612,0.618,0.624,0.629,0.632,0.641,0.642,0.646,0.656,0.661,0.669,0.675,0.681,0.683,0.686,0.691,0.694,Asia,AS,Indonesia,IDN,360,Indonesia,261115456,Indonesian,Jakarta,Indonesian Rupiah,16,Indonesia,ID
60,Iran (Islamic Republic of),IRN,,0.577,0.594,0.608,0.62,0.629,0.64,0.647,0.653,0.659,0.664,0.67,0.678,0.683,0.689,0.691,0.695,0.731,0.736,0.741,0.747,0.755,0.766,0.781,0.784,0.788,0.789,0.796,0.798,,,,,,Finland,5495096,Swedish,Helsinki,Euros,43,,
60,Iran (Islamic Republic of),IRN,,0.577,0.594,0.608,0.62,0.629,0.64,0.647,0.653,0.659,0.664,0.67,0.678,0.683,0.689,0.691,0.695,0.731,0.736,0.741,0.747,0.755,0.766,0.781,0.784,0.788,0.789,0.796,0.798,,,,,,Iran (Islamic Republic of),,,,Iranian Rial,,,
120,Iraq,IRQ,IQ,0.572,0.527,0.541,0.561,0.561,0.553,0.573,0.582,0.596,0.603,0.607,0.614,0.616,0.603,0.628,0.631,0.636,0.638,0.643,0.646,0.649,0.656,0.659,0.666,0.666,0.668,0.672,0.685,Asia,AS,Iraq,IRQ,368,France,66896109,Occitan,Paris,Euros,6,Iraq,IQ
120,Iraq,IRQ,IQ,0.572,0.527,0.541,0.561,0.561,0.553,0.573,0.582,0.596,0.603,0.607,0.614,0.616,0.603,0.628,0.631,0.636,0.638,0.643,0.646,0.649,0.656,0.659,0.666,0.666,0.668,0.672,0.685,Asia,AS,Iraq,IRQ,368,Iraq,37202572,Arabic,Baghdad,Iraqi Dinar,49,Iraq,IQ
120,Iraq,IRQ,IQ,0.572,0.527,0.541,0.561,0.561,0.553,0.573,0.582,0.596,0.603,0.607,0.614,0.616,0.603,0.628,0.631,0.636,0.638,0.643,0.646,0.649,0.656,0.659,0.666,0.666,0.668,0.672,0.685,Asia,AS,Iraq,IRQ,368,Iraq,37202572,Arabic,Baghdad,Iraqi Dinar,49,Iraq,IQ
120,Iraq,IRQ,IQ,0.572,0.527,0.541,0.561,0.561,0.553,0.573,0.582,0.596,0.603,0.607,0.614,0.616,0.603,0.628,0.631,0.636,0.638,0.643,0.646,0.649,0.656,0.659,0.666,0.666,0.668,0.672,0.685,Asia,AS,Iraq,,,France,66896109,Occitan,Paris,Euros,6,Iraq,IQ
120,Iraq,IRQ,IQ,0.572,0.527,0.541,0.561,0.561,0.553,0.573,0.582,0.596,0.603,0.607,0.614,0.616,0.603,0.628,0.631,0.636,0.638,0.643,0.646,0.649,0.656,0.659,0.666,0.666,0.668,0.672,0.685,Asia,AS,Iraq,,,Iraq,37202572,Arabic,Baghdad,Iraqi Dinar,49,Iraq,IQ
120,Iraq,IRQ,IQ,0.572,0.527,0.541,0.561,0.561,0.553,0.573,0.582,0.596,0.603,0.607,0.614,0.616,0.603,0.628,0.631,0.636,0.638,0.643,0.646,0.649,0.656,0.659,0.666,0.666,0.668,0.672,0.685,Asia,AS,Iraq,,,Iraq,37202572,Arabic,Baghdad,Iraqi Dinar,49,Iraq,IQ
4,Ireland,IRL,IE,0.763,0.767,0.773,0.781,0.789,0.795,0.801,0.809,0.84,0.849,0.857,0.863,0.871,0.88,0.89,0.896,0.902,0.908,0.908,0.906,0.909,0.895,0.902,0.911,0.921,0.929,0.934,0.938,Europe,EU,Ireland,IRL,372,Ireland,4773095,Irish,Dublin,Euros,31,Ireland,IE
22,Israel,ISR,IL,0.792,0.8,0.807,0.812,0.818,0.823,0.828,0.835,0.843,0.85,0.853,0.857,0.865,0.865,0.868,0.872,0.872,0.881,0.88,0.882,0.887,0.892,0.893,0.895,0.899,0.901,0.902,0.903,Asia,AS,Israel,ISR,376,Israel,8547100,Hebrew,Jerusalem,Shekel,32,Israel,IL
28,Italy,ITA,IT,0.769,0.774,0.78,0.786,0.794,0.8,0.806,0.814,0.819,0.824,0.83,0.837,0.842,0.847,0.852,0.857,0.862,0.866,0.868,0.868,0.87,0.875,0.874,0.876,0.874,0.876,0.878,0.88,Europe,EU,Italy,ITA,380,Italy,60600590,Italian,Rome,Euros,8,Italy,IT
97,Jamaica,JAM,JM,0.638,0.639,0.645,0.653,0.655,0.657,0.66,0.661,0.662,0.664,0.662,0.673,0.677,0.673,0.691,0.695,0.7,0.705,0.708,0.709,0.712,0.715,0.721,0.726,0.728,0.73,0.732,0.732,North America,,Jamaica,JAM,388,Jamaica,2881355,English,Kingston,Jamaican Dollar,121,Jamaica,JM
19,Japan,JPN,JP,0.816,0.821,0.824,0.829,0.835,0.84,0.845,0.848,0.847,0.85,0.855,0.859,0.862,0.865,0.869,0.873,0.877,0.88,0.881,0.88,0.885,0.89,0.895,0.899,0.903,0.905,0.907,0.909,Asia,AS,Japan,JPN,392,Japan,126994511,Japanese,Tokyo,Japanese Yen,3,Japan,JP
95,Jordan,JOR,JO,0.617,0.627,0.648,0.659,0.67,0.684,0.686,0.689,0.693,0.697,0.702,0.708,0.713,0.719,0.726,0.729,0.732,0.735,0.736,0.734,0.728,0.726,0.726,0.727,0.73,0.733,0.735,0.735,Asia,AS,Jordan,JOR,400,Jordan,9455802,Arabic,Amman,Jordanian Dinar,91,Jordan,JO
58,Kazakhstan,KAZ,KZ,0.69,0.684,0,0.675,0.667,0.664,0.666,0.669,0.672,0.676,0.685,0.7,0.713,0.725,0.737,0.747,0.754,0.759,0.759,0.763,0.765,0.772,0.781,0.788,0.793,0.797,0.797,0.8,Europe,EU,Kazakhstan,KAZ,398,Kazakhstan,17797032,Kazakh,Astana,Tenge,55,Kazakhstan,KZ
58,Kazakhstan,KAZ,KZ,0.69,0.684,0,0.675,0.667,0.664,0.666,0.669,0.672,0.676,0.685,0.7,0.713,0.725,0.737,0.747,0.754,0.759,0.759,0.763,0.765,0.772,0.781,0.788,0.793,0.797,0.797,0.8,Europe,EU,Kazakhstan,KAZ,398,Kazakhstan,17797032,Kazakh,Astana,Tenge,55,Kazakhstan,KZ
58,Kazakhstan,KAZ,KZ,0.69,0.684,0,0.675,0.667,0.664,0.666,0.669,0.672,0.676,0.685,0.7,0.713,0.725,0.737,0.747,0.754,0.759,0.759,0.763,0.765,0.772,0.781,0.788,0.793,0.797,0.797,0.8,Asia,AS,Kazakhstan,KAZ,398,Kazakhstan,17797032,Kazakh,Astana,Tenge,55,Kazakhstan,KZ
58,Kazakhstan,KAZ,KZ,0.69,0.684,0,0.675,0.667,0.664,0.666,0.669,0.672,0.676,0.685,0.7,0.713,0.725,0.737,0.747,0.754,0.759,0.759,0.763,0.765,0.772,0.781,0.788,0.793,0.797,0.797,0.8,Asia,AS,Kazakhstan,KAZ,398,Kazakhstan,17797032,Kazakh,Astana,Tenge,55,Kazakhstan,KZ
142,Kenya,KEN,KE,0.468,0.466,0.463,0.458,0.457,0.456,0.455,0.453,0.452,0.451,0.451,0.456,0.456,0.468,0.48,0.49,0.505,0.514,0.523,0.533,0.543,0.552,0.559,0.566,0.572,0.578,0.585,0.59,Africa,AF,Kenya,KEN,404,Kenya,48461567,Kiswahili,Nairobi,Kenyan Shilling,66,Kenya,KE
134,Kiribati,KIR,KI,0,0,0,0,0,0,0,0,0,0,0.552,0.567,0.566,0.57,0.568,0.585,0.58,0.582,0.585,0.584,0.59,0.59,0.598,0.609,0.616,0.621,0.61,0.612,Oceania,OC,Kiribati,KIR,296,Kiribati,114395, ,Tarawa,Australian Dollars,203,Kiribati,KI
22,Korea (Republic of),KOR,,0.728,0.739,0.746,0.756,0.767,0.778,0.789,0.8,0.797,0.808,0.817,0.824,0.832,0.839,0.847,0.855,0.862,0.869,0.874,0.869,0.884,0.888,0.89,0.893,0.896,0.898,0.9,0.903,,,,,,Korea (Republic of),,,,,,,
56,Kuwait,KWT,KW,0.713,0.673,0.666,0.695,0.721,0.747,0.772,0.775,0.781,0.786,0.786,0.786,0.788,0.791,0.789,0.783,0.788,0.788,0.789,0.79,0.792,0.794,0.796,0.795,0.799,0.802,0.804,0.803,Asia,AS,Kuwait,KWT,414,Kuwait,4052584,Arabic,Kuwait City,Kuwaiti Dinar,57,Kuwait,KW
122,Kyrgyzstan,KGZ,KG,0.618,0.611,0.601,0.588,0.569,0.563,0.568,0.576,0.58,0.587,0.594,0.602,0.604,0.611,0.615,0.616,0.621,0.628,0.631,0.636,0.636,0.639,0.649,0.658,0.663,0.666,0.669,0.672,,,,,,Kyrgyzstan,,Kyrgyz,Bishkek,Som,,Kyrgyzstan,KG
139,Lao People's Democratic Republic,LAO,LA,0.4,0.405,0.411,0.417,0.426,0.428,0.441,0.448,0.455,0.462,0.466,0.472,0.48,0.489,0.497,0.506,0.512,0.521,0.529,0.539,0.546,0.558,0.569,0.579,0.586,0.593,0.598,0.601,Asia,AS,Lao People's Democratic Republic,LAO,418,Lao People's Democratic Republic,,,,,,Lao People's Democratic Republic,LA
41,Latvia,LVA,LV,0.704,0.699,0.678,0.667,0.668,0.673,0.68,0.692,0.705,0.716,0.728,0.745,0.76,0.774,0.788,0.802,0.809,0.818,0.821,0.818,0.816,0.821,0.824,0.833,0.838,0.841,0.844,0.847,Europe,EU,Latvia,LVA,428,Latvia,1960424,Latvian,Riga,Lat,99,Latvia,LV
80,Lebanon,LBN,LB,0,0,0,0,0,0,0,0,0,0,0,0,0,0,0,0.732,0.731,0.743,0.75,0.756,0.758,0.76,0.751,0.751,0.751,0.752,0.753,0.757,Asia,AS,Lebanon,LBN,422,Lebanon,6006668,Arabic,Beirut,Lebanese Pound,81,Lebanon,LB
159,Lesotho,LSO,LS,0.499,0.499,0.499,0.495,0.495,0.492,0.487,0.48,0.478,0.469,0.467,0.461,0.458,0.46,0.46,0.461,0.466,0.473,0.48,0.489,0.493,0.498,0.505,0.505,0.509,0.511,0.516,0.52,Africa,AF,Lesotho,LSO,426,Lesotho,2203821, ,Maseru,Loti,171,Lesotho,LS
181,Liberia,LBR,LR,0,0,0,0,0,0,0,0,0,0.35,0.387,0.377,0.374,0.335,0.373,0.378,0.383,0.394,0.399,0.404,0.407,0.417,0.42,0.429,0.431,0.432,0.432,0.435,Africa,AF,Liberia,LBR,430,Liberia,4613823, ,Monrovia,Liberian Dollar,166,Liberia,LR
108,Libya,LBY,LY,0.677,0.688,0.692,0.695,0.7,0.704,0.709,0.715,0.718,0.722,0.727,0.731,0.735,0.743,0.743,0.747,0.751,0.752,0.757,0.755,0.755,0.707,0.741,0.707,0.695,0.694,0.693,0.706,,,,,,Libya,6293253,Arabic,Tripoli,,87,Libya,LY
17,Liechtenstein,LIE,LI,0,0,0,0,0,0,0,0,0,0,0.862,0.868,0.873,0.878,0.883,0.886,0.89,0.893,0.899,0.899,0.904,0.909,0.913,0.912,0.911,0.912,0.915,0.916,Europe,EU,Liechtenstein,LIE,438,Liechtenstein,37666,German,Vaduz,Swiss Franc,151,Liechtenstein,LI
35,Lithuania,LTU,LT,0.732,0.728,0.713,0.701,0.697,0.703,0.712,0.724,0.736,0.744,0.756,0.768,0.779,0.791,0.798,0.809,0.817,0.825,0.831,0.822,0.824,0.828,0.831,0.836,0.851,0.852,0.855,0.858,Europe,EU,Lithuania,LTU,440,Lithuania,2872298,Lithuanian,Vilnius,Lita,84,Lithuania,LT
21,Luxembourg,LUX,LU,0.782,0.79,0.795,0.799,0.803,0.808,0.817,0.826,0.834,0.849,0.855,0.861,0.863,0.864,0.872,0.878,0.881,0.888,0.89,0.883,0.889,0.892,0.892,0.892,0.895,0.899,0.904,0.904,Europe,EU,Luxembourg,LUX,442,Luxembourg,582972,Luxembourgish,Luxembourg,Euros,72,Luxembourg,LU
161,Madagascar,MDG,MG,0,0,0,0,0,0,0,0,0,0,0.456,0.462,0.457,0.466,0.472,0.479,0.484,0.491,0.5,0.503,0.504,0.504,0.507,0.509,0.512,0.514,0.517,0.519,Africa,AF,Madagascar,MDG,450,Madagascar,24894551, ,Antananarivo,Malagasy Franc,136,Madagascar,MG
171,Malawi,MWI,MW,0.34,0.346,0.355,0.363,0.364,0.398,0.385,0.404,0.404,0.405,0.399,0.4,0.37,0.374,0.375,0.38,0.389,0.4,0.417,0.431,0.441,0.45,0.455,0.461,0.468,0.47,0.474,0.477,Africa,AF,Malawi,MWI,454,Malawi,18091575, ,Lilongwe,Malawian Kwacha,148,Malawi,MW
57,Malaysia,MYS,MY,0.643,0.652,0.66,0.668,0.675,0.683,0.695,0.706,0.71,0.716,0.725,0.723,0.725,0.731,0.734,0.731,0.737,0.75,0.761,0.765,0.772,0.778,0.781,0.785,0.79,0.795,0.799,0.802,Asia,AS,Malaysia,MYS,458,Malaysia,31187265,Malay,Kuala Lumpur,Ringgit,36,Malaysia,MY
101,Maldives,MDV,MV,0,0,0,0,0,0.539,0.553,0.568,0.58,0.595,0.606,0.61,0.615,0.63,0.635,0.631,0.643,0.651,0.66,0.66,0.671,0.682,0.688,0.696,0.705,0.71,0.712,0.717,Asia,AS,Maldives,MDV,462,Maldives,417492,Divehi,Malé,Rufiyaa,157,Maldives,MV
182,Mali,MLI,ML,0.231,0.238,0.243,0.249,0.256,0.262,0.271,0.281,0.291,0.302,0.308,0.321,0.33,0.343,0.352,0.363,0.372,0.367,0.39,0.398,0.403,0.408,0.408,0.408,0.414,0.418,0.421,0.427,Africa,AF,Mali,MLI,466,Mali,17994837, ,Bamako,CFA Franc BCEAO,118,Mali,ML
29,Malta,MLT,MT,0.74,0.745,0.749,0.753,0.756,0.759,0.763,0.768,0.776,0.78,0.783,0.788,0.792,0.8,0.809,0.824,0.822,0.827,0.829,0.83,0.843,0.843,0.849,0.856,0.862,0.871,0.875,0.878,Europe,EU,Malta,MLT,470,Malta,436947,Maltese,Valletta,Maltese Lira,124,Malta,MT
106,Marshall Islands,MHL,MH,0,0,0,0,0,0,0,0,0,0,0,0,0,0,0,0,0,0,0,0,0,0,0,0,0,0,0,0.708,Oceania,OC,Marshall Islands,MHL,584,Marshall Islands,53066, ,Majuro,USD,202,Marshall Islands,MH
159,Mauritania,MRT,MR,0.374,0.379,0.387,0.399,0.411,0.418,0.428,0.427,0.435,0.441,0.442,0.442,0.449,0.451,0.461,0.466,0.475,0.476,0.476,0.484,0.487,0.49,0.499,0.508,0.514,0.514,0.516,0.52,Africa,AF,Mauritania,MRT,478,Mauritania,4301018, ,Nouakchott,Ouguiya,155,Mauritania,MR
65,Mauritius,MUS,MU,0.619,0.626,0.633,0.638,0.643,0.648,0.652,0.656,0.662,0.667,0.673,0.682,0.687,0.695,0.704,0.713,0.72,0.728,0.734,0.741,0.749,0.758,0.767,0.772,0.782,0.782,0.788,0.79,Africa,AF,Mauritius,MUS,480,Mauritius,1263473, ,Port Louis,Mauritian Rupee,128,Mauritius,MU
74,Mexico,MEX,MX,0.65,0.654,0.658,0.663,0.67,0.669,0.677,0.683,0.69,0.695,0.702,0.705,0.71,0.717,0.724,0.728,0.736,0.739,0.742,0.743,0.743,0.751,0.757,0.756,0.761,0.767,0.772,0.774,North America,,Mexico,MEX,484,Mexico,127540423,Spanish,Mexico City,Peso,15,Mexico,MX
131,Micronesia (Federated States of),FSM,,0,0,0,0,0,0,0,0,0,0,0.552,0.558,0.564,0.57,0.575,0.582,0.587,0.592,0.596,0.603,0.608,0.613,0.616,0.619,0.618,0.627,0.627,0.627,,,,,,Micronesia (Federated States of),,,,,,,
112,Moldova (Republic of),MDA,,0.651,0.64,PRK,0.618,0.595,0.594,0.591,0.593,0.593,0.595,0.597,0.607,0.617,0.63,0.64,0.648,0.656,0.661,0.666,0.662,0.67,0.677,0.684,0.693,0.696,0.693,0.697,0.7,,,,,,Moldova (Republic of),,,,,,,
92,Mongolia,MNG,MN,0.579,0.574,0.561,0.547,0.55,0.555,0.561,0.568,0.576,0.582,0.589,0.6,0.609,0.622,0.637,0.65,0.66,0.672,0.683,0.689,0.697,0.711,0.72,0.729,0.734,0.737,0.743,0.741,Asia,AS,Mongolia,MNG,496,Mongolia,3027398,Mongolian (Cyrillic),Ulaanbaatar,Tugrik,132,Mongolia,MN
50,Montenegro,MNE,ME,0,0,0,0,0,0,0,0,0,0,0,0,0,0.741,0.748,0.753,0.764,0.775,0.786,0.788,0.793,0.798,0.8,0.803,0.805,0.809,0.81,0.814,Europe,EU,Montenegro,MNE,499,Montenegro,622781,Serbian (Latin),Podgorica,Euro,154,Montenegro,ME
123,Morocco,MAR,MA,0.458,0.464,0.468,0.474,0.485,0.489,0.499,0.503,0.51,0.52,0.53,0.541,0.552,0.563,0.572,0.58,0.586,0.594,0.602,0.608,0.616,0.626,0.635,0.645,0.65,0.655,0.662,0.667,Africa,AF,Morocco,MAR,504,Morocco,35276786,Arabic,Rabat,Dirham,59,Morocco,MA
180,Mozambique,MOZ,MZ,0.209,0.212,0.208,0.214,0.221,0.229,0.253,0.266,0.279,0.291,0.298,0.311,0.318,0.333,0.343,0.357,0.365,0.378,0.388,0.397,0.403,0.407,0.412,0.423,0.427,0.432,0.435,0.437,Africa,AF,Mozambique,MOZ,508,Mozambique,28829476, ,Maputo,Metical,126,Mozambique,MZ
148,Myanmar,MMR,MM,0.359,0.366,0.38,0.387,0.393,0.398,0.404,0.41,0.413,0.421,0.431,0.44,0.449,0.459,0.468,0.477,0.487,0.498,0.509,0.519,0.53,0.54,0.549,0.558,0.564,0.569,0.574,0.578,Asia,AS,Myanmar,MMR,104,Myanmar,52885223,,Naypyidaw,Kyat,71,Myanmar,MM
129,Namibia,NAM,,0.579,0.582,0.587,0.589,0.591,0.588,0.581,0.575,0.569,0.56,0.558,0.557,0.554,0.556,0.557,0.556,0.56,0.568,0.575,0.583,0.594,0.607,0.617,0.628,0.636,0.642,0.645,0.647,Africa,AF,Namibia,NAM,516,Namibia,2479713, ,Windhoek,Dollar,125,Namibia,
149,Nepal,NPL,NP,0.378,0.386,0.394,0.398,0.405,0.41,0.42,0.426,0.432,0.439,0.446,0.447,0.457,0.462,0.469,0.475,0.486,0.491,0.502,0.514,0.529,0.535,0.548,0.554,0.56,0.566,0.569,0.574,Asia,AS,Nepal,NPL,524,Nepal,28982771,Nepali,Kathmandu,Nepalese Rupee,102,Nepal,NP
10,Netherlands,NLD,NL,0.829,0.834,0.835,0.839,0.864,0.861,0.866,0.865,0.867,0.87,0.876,0.879,0.878,0.883,0.886,0.891,0.897,0.904,0.906,0.906,0.91,0.921,0.921,0.923,0.924,0.926,0.928,0.931,Europe,EU,Netherlands,NLD,528,Netherlands,17018408,Frisian,Amsterdam,Euros,17,Netherlands,NL
16,New Zealand,NZL,NZ,0.818,0.82,0.825,0.836,0.845,0.851,0.854,0.86,0.863,0.865,0.869,0.873,0.881,0.884,0.886,0.888,0.891,0.894,0.894,0.898,0.899,0.902,0.905,0.907,0.91,0.914,0.915,0.917,Oceania,OC,New Zealand,NZL,554,New Zealand,4692700,Maori,Wellington,New Zealand Dollars,52,New Zealand,NZ
124,Nicaragua,NIC,NI,0.489,0.498,0.505,0.509,0.514,0.524,0.534,0.543,0.552,0.562,0.57,0.577,0.583,0.587,0.592,0.596,0.6,0.607,0.614,0.615,0.621,0.627,0.633,0.639,0.649,0.652,0.657,0.658,North America,,Nicaragua,NIC,558,Nicaragua,6149928,Spanish,Managua,Cordoba Oro,131,Nicaragua,NI
189,Niger,NER,NE,0.21,0.214,0.216,0.22,0.224,0.229,0.235,0.238,0.246,0.25,0.252,0.258,0.263,0.266,0.274,0.283,0.289,0.294,0.303,0.308,0.318,0.325,0.336,0.34,0.345,0.347,0.351,0.354,Africa,AF,Niger,NER,562,Niger,20672987, ,Niamey,CFA Franc BCEAO,144,Niger,NE
157,Nigeria,NGA,NG,0,0,0,0,0,0,0,0,0,0,0,0,0,0.443,0.462,0.465,0.475,0.479,0.485,0.49,0.484,0.494,0.512,0.519,0.524,0.527,0.53,0.532,Africa,AF,Nigeria,NGA,566,Nigeria,185989640,Yoruba,Abuja,Naira,30,Nigeria,NG
1,Norway,NOR,NO,0.85,0.856,0.862,0.87,0.885,0.883,0.888,0.894,0.906,0.911,0.917,0.916,0.918,0.924,0.934,0.932,0.936,0.938,0.938,0.938,0.942,0.943,0.942,0.946,0.946,0.948,0.951,0.953,Europe,EU,Norway,NOR,578,Norway,5232929,Sami (Southern),Oslo,Norwegian Krone,28,Norway,NO
48,Oman,OMN,OM,0,0,0,0,0,0,0,0,0,0,0.704,0.716,0.725,0.736,0.742,0.748,0.752,0.764,0.782,0.789,0.793,0.795,0.804,0.812,0.815,0.822,0.822,0.821,Asia,AS,Oman,OMN,512,Oman,4424762,Arabic,Muscat,Sul Rial,69,Oman,OM
150,Pakistan,PAK,PK,0.404,0.409,0.414,0.418,0.423,0.428,0.433,0.437,0.441,0.445,0.45,0.457,0.465,0.473,0.487,0.5,0.505,0.513,0.515,0.522,0.526,0.53,0.535,0.538,0.548,0.551,0.56,0.562,Asia,AS,Pakistan,PAK,586,Pakistan,193203476,Urdu,Islamabad,Rupee,40,Pakistan,PK
60,Palau,PLW,PW,0,0,0,0,0,0,0,0,0,0,0.743,0.747,0.751,0.754,0.758,0.76,0.762,0.765,0.764,0.767,0.769,0.775,0.778,0.78,0.786,0.793,0.798,0.798,Oceania,OC,Palau,PLW,585,Palau,21503, ,Ngerulmud,USD,201,Palau,PW
119,Palestine,PSE,,0,0,0,0,0,0,0,0,0,0,0,0,0,0,0.65,0.657,0.658,0.663,0.66,0.67,0.672,0.677,0.687,0.679,0.679,0.687,0.689,0.686,,,,,,Palestine,, ,Jerusalem,,,,
66,Panama,PAN,PA,0.66,0.665,0.673,0.68,0.684,0.688,0.694,0.7,0.708,0.713,0.719,0.722,0.728,0.73,0.735,0.739,0.744,0.751,0.755,0.756,0.758,0.764,0.771,0.776,0.781,0.781,0.785,0.789,North America,,Panama,PAN,591,Panama,4034119,Spanish,Panama City,Balboa,75,Panama,PA
153,Papua New Guinea,PNG,PG,0.38,0.388,0.398,0.41,0.417,0.425,0.432,0.435,0.441,0.445,0.449,0.456,0.462,0.469,0.472,0.479,0.484,0.499,0.503,0.51,0.52,0.529,0.53,0.534,0.536,0.542,0.543,0.544,Oceania,OC,Papua New Guinea,PNG,598,Papua New Guinea,8084991, ,Port Moresby,Kina,112,Papua New Guinea,PG
110,Paraguay,PRY,PY,0.58,0.585,0.589,0.596,0.6,0.606,0.613,0.618,0.622,0.625,0.624,0.632,0.642,0.64,0.646,0.649,0.649,0.655,0.664,0.659,0.675,0.68,0.68,0.695,0.698,0.702,0.702,0.702,South America,SA,Paraguay,PRY,600,Paraguay,6725308,Spanish,Asunción,Guarani,93,Paraguay,PY
89,Peru,PER,PE,0.611,0.617,0.617,0.622,0.633,0.643,0.648,0.654,0.665,0.675,0.678,0.686,0.687,0.686,0.693,0.698,0.695,0.703,0.712,0.715,0.717,0.729,0.729,0.736,0.746,0.745,0.748,0.75,South America,SA,Peru,PER,604,Peru,31773839,Spanish,Lima,Nuevo Sol,50,Peru,PE
113,Philippines,PHL,PH,0.586,0.587,0.589,0.591,0.595,0.598,0.606,0.611,0.615,0.62,0.624,0.628,0.633,0.637,0.647,0.65,0.651,0.657,0.661,0.659,0.665,0.67,0.677,0.685,0.689,0.693,0.696,0.699,Asia,AS,Philippines,PHL,608,Philippines,103320222,English,Manila,Peso,38,Philippines,PH
33,Poland,POL,PL,0.712,0.711,0.714,0.725,0.734,0.74,0.748,0.759,0.769,0.778,0.785,0.791,0.799,0.804,0.802,0.808,0.814,0.819,0.824,0.828,0.835,0.839,0.836,0.85,0.842,0.855,0.86,0.865,Europe,EU,Poland,POL,616,Poland,37948016,Polish,Warsaw,Zloty,21,Poland,PL
41,Portugal,PRT,PT,0.711,0.72,0.732,0.745,0.753,0.76,0.767,0.773,0.78,0.779,0.785,0.79,0.792,0.796,0.797,0.8,0.803,0.81,0.814,0.817,0.822,0.826,0.829,0.837,0.839,0.842,0.845,0.847,Europe,EU,Portugal,PRT,620,Portugal,10324611,Portuguese,Lisbon,Euros,48,Portugal,PT
37,Qatar,QAT,QA,0.754,0.751,0.753,0.764,0.775,0.784,0.796,0.8,0.804,0.808,0.81,0.811,0.816,0.823,0.826,0.831,0.827,0.83,0.835,0.833,0.825,0.836,0.844,0.854,0.853,0.854,0.855,0.856,Asia,AS,Qatar,QAT,634,Qatar,2569804,Arabic,Doha,Rial,53,Qatar,QA
52,Romania,ROU,RO,0.701,0.686,0.678,0.678,0.681,0.687,0.695,0.696,0.698,0.704,0.709,0.715,0.724,0.734,0.746,0.755,0.767,0.781,0.795,0.798,0.797,0.798,0.795,0.8,0.802,0.805,0.807,0.811,Europe,EU,Romania,ROU,642,Romania,19705301,Romanian,Bucharest,Leu,47,Romania,RO
49,Russian Federation,RUS,RU,0.734,0.729,0.718,0.71,0.702,0.7,0.701,0.704,0.703,0.709,0.72,0.727,0.732,0.74,0.746,0.752,0.759,0.767,0.774,0.771,0.78,0.789,0.798,0.804,0.807,0.813,0.815,0.816,Europe,EU,Russian Federation,RUS,643,Russian Federation,144342396,,Moscow,Ruble,11,Russian Federation,RU
158,Rwanda,RWA,RW,0.25,0.227,0.213,0.209,0.199,0.234,0.262,0.288,0.302,0.32,0.335,0.345,0.361,0.374,0.391,0.408,0.429,0.445,0.455,0.47,0.485,0.493,0.5,0.503,0.509,0.51,0.52,0.524,Africa,AF,Rwanda,RWA,646,Rwanda,11917508,Kinyarwanda,Kigali,Rwanda Franc,143,Rwanda,RW
72,Saint Kitts and Nevis,KNA,KN,0,0,0,0,0,0,0,0,0,0,0,0,0,0,0,0.727,0.73,0.733,0.738,0.74,0.745,0.751,0.756,0.763,0.77,0.773,0.774,0.778,North America,,Saint Kitts and Nevis,KNA,659,Saint Kitts and Nevis,, ,Basseterre,,,Saint Kitts and Nevis,KN
90,Saint Lucia,LCA,LC,0,0,0,0,0,0,0,0,0,0,0.69,0.687,0.689,0.692,0.695,0.7,0.711,0.713,0.719,0.724,0.731,0.734,0.73,0.733,0.737,0.744,0.745,0.747,North America,,Saint Lucia,LCA,662,Saint Lucia,, ,Castries,East Caribbean Dollar,,Saint Lucia,LC
99,Saint Vincent and the Grenadines,VCT,VC,0,0,0,0,0,0,0,0,0,0,0.673,0.677,0.682,0.689,0.692,0.697,0.704,0.709,0.71,0.713,0.715,0.717,0.718,0.721,0.72,0.72,0.721,0.723,North America,,Saint Vincent and the Grenadines,VCT,670,Saint Vincent and the Grenadines,, ,Kingstown,,,Saint Vincent and the Grenadines,VC
104,Samoa,WSM,WS,0.62,0.622,0.624,0.63,0.611,0.618,0.628,0.63,0.636,0.642,0.647,0.654,0.659,0.663,0.669,0.673,0.675,0.681,0.685,0.687,0.693,0.697,0.697,0.7,0.703,0.706,0.711,0.713,Oceania,OC,Samoa,WSM,882,Samoa,195125, ,Apia,Euros,194,Samoa,WS
143,Sao Tome and Principe,STP,ST,0.453,0.455,0.458,0.462,0.466,0.469,0.474,0.477,0.481,0.486,0.49,0.496,0.499,0.505,0.51,0.517,0.526,0.53,0.53,0.538,0.542,0.548,0.551,0.56,0.567,0.58,0.584,0.589,Africa,AF,Sao Tome and Principe,STP,678,Sao Tome and Principe,199910,,,Dobra,,Sao Tome and Principe,ST
39,Saudi Arabia,SAU,SA,0.697,0.706,0.711,0.714,0.718,0.722,0.727,0.731,0.736,0.738,0.743,0.746,0.748,0.756,0.765,0.77,0.777,0.783,0.791,0.796,0.808,0.823,0.835,0.844,0.852,0.854,0.854,0.853,Asia,AS,Saudi Arabia,SAU,682,Saudi Arabia,32275687,Arabic,Riyadh,Riyal,18,Saudi Arabia,SA
164,Senegal,SEN,SN,0.367,0.367,0.368,0.367,0.366,0.368,0.369,0.37,0.373,0.375,0.38,0.395,0.4,0.407,0.415,0.422,0.427,0.436,0.445,0.449,0.456,0.467,0.476,0.481,0.486,0.492,0.499,0.505,Africa,AF,Senegal,SEN,686,Senegal,15411614,Wolof,Dakar,CFA Franc BCEAO,110,Senegal,SN
67,Serbia,SRB,RS,0.718,0.715,0.702,0.685,0.689,0.695,0.699,0.705,0.708,0.704,0.711,0.716,0.72,0.726,0.734,0.742,0.747,0.751,0.757,0.759,0.759,0.769,0.768,0.771,0.775,0.78,0.785,0.787,Europe,EU,Serbia,SRB,688,Serbia,7057412,Serbian (Latin),Belgrade,Serbian dinar,85,Serbia,RS
62,Seychelles,SYC,SC,0,0,0,0,0,0,0,0,0,0,0.718,0.714,0.716,0.717,0.715,0.73,0.72,0.741,0.741,0.741,0.747,0.741,0.77,0.779,0.786,0.791,0.793,0.797,Africa,AF,Seychelles,SYC,690,Seychelles,94677, ,Victoria,Rupee,186,Seychelles,SC
184,Sierra Leone,SLE,SL,0.275,0.267,0.264,0.269,0.271,0.274,0.269,0.268,0.272,0.276,0.284,0.299,0.315,0.325,0.334,0.342,0.35,0.363,0.373,0.381,0.385,0.392,0.407,0.419,0.423,0.413,0.413,0.419,Africa,AF,Sierra Leone,SLE,694,Sierra Leone,7396190, ,Freetown,Leone,161,Sierra Leone,SL
9,Singapore,SGP,SG,0.718,0.729,0.74,0.751,0.763,0.773,0.782,0.793,0.798,0.809,0.819,0.822,0.83,0.838,0.845,0.868,0.871,0.878,0.883,0.884,0.909,0.914,0.92,0.923,0.928,0.929,0.93,0.932,Asia,AS,Singapore,SGP,702,Singapore,5607283,English,Singapore,Dollar,34,Singapore,SG
38,Slovakia,SVK,SK,0.739,0.734,0.733,0.737,0.743,0.751,0.754,0.757,0.763,0.762,0.764,0.764,0.771,0.777,0.785,0.794,0.803,0.814,0.822,0.824,0.829,0.837,0.842,0.844,0.845,0.851,0.853,0.855,,,,,,Slovakia,,Slovak,Bratislava,,,Slovakia,SK
25,Slovenia,SVN,SI,0.767,0.765,0.766,0.769,0.775,0.782,0.788,0.796,0.805,0.819,0.825,0.835,0.843,0.85,0.857,0.861,0.869,0.873,0.878,0.878,0.882,0.884,0.877,0.885,0.887,0.889,0.894,0.896,Europe,EU,Slovenia,SVN,705,Slovenia,2064845,Slovenian,Ljubljana,Euros,83,Slovenia,SI
152,Solomon Islands,SLB,SB,0,0,0,0,0,0,0,0,0,0.463,0.45,0.455,0.462,0.469,0.477,0.487,0.497,0.505,0.504,0.497,0.507,0.514,0.529,0.539,0.539,0.546,0.543,0.546,Oceania,OC,Solomon Islands,SLB,90,Solomon Islands,599419, ,Honiara,Solomon Islands Dollar,188,Solomon Islands,SB
113,South Africa,ZAF,ZA,0.618,0.626,0.635,0.641,0.645,0.649,0.647,0.644,0.639,0.634,0.63,0.61,0.617,0.615,0.613,0.614,0.616,0.621,0.633,0.642,0.649,0.657,0.664,0.675,0.685,0.692,0.696,0.699,Africa,AF,South Africa,ZAF,710,South Africa,55908865,Setswana,Pretoria,Rand,33,South Africa,ZA
187,South Sudan,SSD,SS,0,0,0,0,0,0,0,0,0,0,0,0,0,0,0,0,0,0,0,0,0.413,0.416,0.388,0.392,0.397,0.399,0.394,0.388,Africa,AF,South Sudan,SSD,728,South Sudan,12230730, ,,,170,South Sudan,SS
26,Spain,ESP,ES,0.754,0.764,0.772,0.782,0.791,0.8,0.806,0.81,0.814,0.819,0.825,0.828,0.83,0.833,0.837,0.844,0.848,0.853,0.856,0.858,0.865,0.87,0.873,0.875,0.88,0.885,0.889,0.891,Europe,EU,Spain,ESP,724,Spain,46443959,Spanish,Madrid,Euros,14,Spain,ES
76,Sri Lanka,LKA,LK,0.625,0.63,0.635,0.637,0.646,0.65,0.655,0.662,0.668,0.676,0.685,0.691,0.697,0.705,0.711,0.718,0.724,0.73,0.738,0.74,0.745,0.751,0.757,0.759,0.763,0.766,0.768,0.77,Asia,AS,Sri Lanka,LKA,144,Sri Lanka,21203000,Sinhala,Sri Jayawardenapura Kotte,Rupee,65,Sri Lanka,LK
167,Sudan,SDN,SD,0.331,0.336,0.345,0.352,0.359,0.366,0.375,0.384,0.39,0.396,0.402,0.408,0.414,0.42,0.429,0.436,0.446,0.451,0.463,0.468,0.47,0.474,0.485,0.475,0.492,0.497,0.499,0.502,Africa,AF,Sudan,SDN,736,Sudan,39578828, ,Khartoum,Dinar,92,Sudan,SD
100,Suriname,SUR,SR,0,0,0,0,0,0,0,0,0,0,0,0,0,0,0.671,0.676,0.681,0.687,0.691,0.677,0.703,0.706,0.711,0.715,0.718,0.722,0.719,0.72,South America,SA,Suriname,SUR,740,Suriname,558368, ,Paramaribo,Surinamese Guilder,165,Suriname,SR
7,Sweden,SWE,SE,0.816,0.818,0.821,0.84,0.849,0.856,0.863,0.874,0.888,0.893,0.897,0.9,0.902,0.908,0.896,0.899,0.902,0.905,0.901,0.899,0.905,0.906,0.908,0.912,0.92,0.929,0.932,0.933,Europe,EU,Sweden,SWE,752,Sweden,9903122,Swedish,Stockholm,Krona,22,Sweden,SE
2,Switzerland,CHE,CH,0.832,0.834,0.836,0.841,0.844,0.848,0.854,0.864,0.873,0.881,0.889,0.891,0.891,0.896,0.901,0.905,0.912,0.915,0.917,0.927,0.932,0.932,0.935,0.938,0.939,0.942,0.943,0.944,Europe,EU,Switzerland,CHE,756,Switzerland,8372098,Romansh,Bern,Swiss Franc,20,Switzerland,CH
155,Syrian Arab Republic,SYR,SY,0,0.562,0.568,0.571,0.576,0.579,0.583,0.587,0.59,0.589,0.59,0.597,0.6,0.61,0.623,0.635,0.643,0.649,0.646,0.648,0.644,0.642,0.631,0.572,0.55,0.538,0.536,0.536,Asia,AS,Syrian Arab Republic,SYR,760,Syrian Arab Republic,18430453,,,Syrian Pound,,Syrian Arab Republic,SY
127,Tajikistan,TJK,TJ,0.623,0.618,0.597,0.579,0.558,0.55,0.534,0.538,0.541,0.544,0.55,0.558,0.568,0.578,0.587,0.593,0.599,0.604,0.618,0.62,0.634,0.637,0.642,0.646,0.645,0.645,0.647,0.65,Asia,AS,Tajikistan,TJK,762,Tajikistan,8734951,Tajik (Cyrillic),Dushanbe,Tajikistan Ruble,147,Tajikistan,TJ
154,Tanzania (United Republic of),TZA,,0.37,0.371,0.37,0.37,0.369,0.371,0.372,0.375,0.381,0.388,0.395,0.403,0.413,0.423,0.434,0.448,0.458,0.468,0.477,0.486,0.493,0.499,0.506,0.507,0.515,0.528,0.533,0.538,,,,,,Tanzania (United Republic of),,,,,,,
83,Thailand,THA,TH,0.574,0.583,0.589,0.597,0.604,0.611,0.619,0.625,0.63,0.64,0.649,0.657,0.666,0.674,0.683,0.693,0.699,0.71,0.714,0.718,0.724,0.727,0.731,0.728,0.735,0.741,0.748,0.755,Asia,AS,Thailand,THA,764,Thailand,68863514,Thai,Bangkok,Baht,25,Thailand,TH
132,Timor-Leste,TLS,TL,0,0,0,0,0,0,0,0,0,0,0.507,0.513,0.523,0.525,0.519,0.496,0.536,0.581,0.599,0.61,0.619,0.624,0.599,0.614,0.61,0.63,0.631,0.625,,,,,,Timor-Leste,1268671,,,,175,Timor-Leste,TL
165,Togo,TGO,TG,0.405,0.408,0.399,0.39,0.396,0.409,0.417,0.424,0.423,0.424,0.425,0.426,0.427,0.431,0.434,0.436,0.443,0.441,0.44,0.449,0.456,0.463,0.466,0.472,0.481,0.495,0.5,0.503,Africa,AF,Togo,TGO,768,Togo,7606374, ,Lomé,CFA Franc BCEAO,156,Togo,TG
98,Tonga,TON,TO,0.648,0.654,0.656,0.66,0.668,0.671,0.671,0.671,0.674,0.676,0.673,0.677,0.683,0.692,0.693,0.693,0.695,0.698,0.702,0.706,0.712,0.716,0.717,0.716,0.717,0.721,0.724,0.726,Oceania,OC,Tonga,TON,776,Tonga,107122, ,Nukuʻalofa,PaÕanga,198,Tonga,TO
69,Trinidad and Tobago,TTO,TT,0.672,0.673,0.673,0.675,0.679,0.683,0.69,0.697,0.704,0.711,0.716,0.721,0.728,0.737,0.746,0.752,0.757,0.768,0.773,0.772,0.775,0.773,0.774,0.779,0.779,0.783,0.785,0.784,North America,,Trinidad and Tobago,TTO,780,Trinidad and Tobago,1364962,English,Port of Spain,Trinidad and Tobago Dollar,113,Trinidad and Tobago,TT
95,Tunisia,TUN,TN,0.569,0.575,0.583,0.589,0.6,0.607,0.616,0.623,0.634,0.645,0.653,0.661,0.666,0.673,0.682,0.689,0.695,0.701,0.707,0.71,0.716,0.718,0.719,0.723,0.725,0.728,0.732,0.735,Africa,AF,Tunisia,TUN,788,Tunisia,11403248,Arabic,Tunis,Tunisian Dinar,96,Tunisia,TN
64,Turkey,TUR,TR,0.579,0.583,0.589,0.597,0.599,0.607,0.615,0.624,0.635,0.643,0.655,0.662,0.672,0.679,0.685,0.69,0.701,0.708,0.71,0.718,0.734,0.753,0.76,0.771,0.778,0.783,0.787,0.791,Europe,EU,Turkey,TUR,792,Turkey,79512426,Turkish,Ankara,Lira,19,Turkey,TR
64,Turkey,TUR,TR,0.579,0.583,0.589,0.597,0.599,0.607,0.615,0.624,0.635,0.643,0.655,0.662,0.672,0.679,0.685,0.69,0.701,0.708,0.71,0.718,0.734,0.753,0.76,0.771,0.778,0.783,0.787,0.791,Europe,EU,Turkey,TUR,792,Turkey,79512426,Turkish,Ankara,Lira,19,Turkey,TR
64,Turkey,TUR,TR,0.579,0.583,0.589,0.597,0.599,0.607,0.615,0.624,0.635,0.643,0.655,0.662,0.672,0.679,0.685,0.69,0.701,0.708,0.71,0.718,0.734,0.753,0.76,0.771,0.778,0.783,0.787,0.791,Asia,AS,Turkey,TUR,792,Turkey,79512426,Turkish,Ankara,Lira,19,Turkey,TR
64,Turkey,TUR,TR,0.579,0.583,0.589,0.597,0.599,0.607,0.615,0.624,0.635,0.643,0.655,0.662,0.672,0.679,0.685,0.69,0.701,0.708,0.71,0.718,0.734,0.753,0.76,0.771,0.778,0.783,0.787,0.791,Asia,AS,Turkey,TUR,792,Turkey,79512426,Turkish,Ankara,Lira,19,Turkey,TR
108,Turkmenistan,TKM,TM,0,0,0,0,0,0,0,0,0,0,0,0,0,0,0,0,0,0,0,0,0.673,0.68,0.686,0.692,0.697,0.701,0.705,0.706,Asia,AS,Turkmenistan,TKM,795,Turkmenistan,5662544,Turkmen,Ashgabat,Manat,94,Turkmenistan,TM
162,Uganda,UGA,UG,0.311,0.311,0.305,0.312,0.315,0.321,0.338,0.353,0.368,0.384,0.398,0.406,0.421,0.43,0.43,0.437,0.449,0.459,0.47,0.477,0.486,0.49,0.492,0.496,0.5,0.505,0.508,0.516,Africa,AF,Uganda,UGA,800,Uganda,41487965, ,Kampala,Shilling,103,Uganda,UG
88,Ukraine,UKR,UA,0.705,0.701,0.692,0.681,0.668,0.664,0.661,0.663,0.665,0.667,0.671,0.681,0.689,0.699,0.706,0.715,0.721,0.729,0.733,0.727,0.733,0.738,0.743,0.745,0.748,0.743,0.746,0.751,Europe,EU,Ukraine,UKR,804,Ukraine,45004645,Ukrainian,Kiev,Hryvnia,58,Ukraine,UA
34,United Arab Emirates,ARE,AE,0.727,0.738,0.742,0.748,0.756,0.764,0.771,0.778,0.785,0.791,0.798,0.803,0.808,0.813,0.818,0.825,0.83,0.835,0.838,0.835,0.836,0.841,0.846,0.851,0.855,0.86,0.862,0.863,Asia,AS,United Arab Emirates,ARE,784,United Arab Emirates,9269612,Arabic,Abu Dhabi,Dirham,29,United Arab Emirates,AE
14,United Kingdom,GBR,GB,0.775,0.788,0.801,0.814,0.827,0.839,0.844,0.849,0.855,0.861,0.867,0.871,0.874,0.878,0.886,0.891,0.889,0.892,0.896,0.899,0.905,0.899,0.898,0.915,0.919,0.918,0.92,0.922,,,,,,United Kingdom,65637239,Welsh,,Sterling,5,United Kingdom,GB
13,United States,USA,US,0.86,0.861,0.867,0.871,0.875,0.877,0.879,0.881,0.884,0.885,0.885,0.887,0.889,0.893,0.895,0.898,0.901,0.905,0.91,0.91,0.914,0.917,0.918,0.916,0.918,0.92,0.922,0.924,North America,,United States,USA,840,United States,323127513,English,"Washington, D.C.",USD,1,United States,US
55,Uruguay,URY,UY,0.692,0.697,0.7,0.703,0.709,0.711,0.717,0.727,0.735,0.737,0.742,0.746,0.747,0.75,0.754,0.756,0.761,0.762,0.766,0.778,0.773,0.782,0.79,0.797,0.801,0.8,0.802,0.804,South America,SA,Uruguay,URY,858,Uruguay,3444006,Spanish,Montevideo,Peso,79,Uruguay,UY
105,Uzbekistan,UZB,UZ,0,0,0,0,0,0,0,0,0,0,0.595,0.602,0.609,0.614,0.621,0.628,0.634,0.646,0.653,0.659,0.666,0.674,0.683,0.69,0.695,0.698,0.703,0.71,Asia,AS,Uzbekistan,UZB,860,Uzbekistan,31848200,Uzbek (Latin),Tashkent,Som,86,Uzbekistan,UZ
138,Vanuatu,VUT,VU,0,0,0,0,0,0,0,0,0,0,0,0,0,0,0,0.572,0.579,0.582,0.589,0.59,0.591,0.592,0.592,0.597,0.598,0.599,0.6,0.603,Oceania,OC,Vanuatu,VUT,548,Vanuatu,270402, ,Port Vila,Vatu,193,Vanuatu,VU
78,Venezuela (Bolivarian Republic of),VEN,,0.634,0.644,0.651,0.653,0.654,0.658,0.66,0.664,0.667,0.67,0.672,0.68,0.688,0.687,0.7,0.714,0.727,0.744,0.753,0.753,0.759,0.771,0.774,0.776,0.778,0.775,0.766,0.761,,,,,,Venezuela (Bolivarian Republic of),,,,,,,
116,Viet Nam,VNM,VN,0.475,0.484,0.496,0.506,0.517,0.529,0.54,0.539,0.559,0.567,0.579,0.587,0.595,0.603,0.612,0.616,0.624,0.632,0.64,0.656,0.654,0.664,0.67,0.675,0.678,0.684,0.689,0.694,,,,,,Viet Nam,,,,,,Viet Nam,VN
178,Yemen,YEM,YE,0.399,0.403,0.405,0.408,0.409,0.415,0.422,0.427,0.431,0.434,0.443,0.45,0.456,0.463,0.469,0.474,0.479,0.482,0.485,0.491,0.498,0.499,0.505,0.507,0.505,0.483,0.462,0.452,Asia,AS,Yemen,YEM,887,Yemen,,Arabic,Sanaá,Rial,,Yemen,YE
144,Zambia,ZMB,ZM,0.401,0.402,0.403,0.409,0.408,0.412,0.416,0.419,0.42,0.426,0.432,0.44,0.449,0.46,0.469,0.48,0.492,0.503,0.517,0.533,0.544,0.556,0.569,0.574,0.58,0.583,0.586,0.588,Africa,AF,Zambia,ZMB,894,Zambia,16591390, ,Lusaka,Kwacha,105,Zambia,ZM
156,Zimbabwe,ZWE,ZW,0.491,0.494,0.481,0.476,0.473,0.467,0.466,0.459,0.453,0.448,0.44,0.442,0.435,0.428,0.428,0.43,0.435,0.442,0.439,0.45,0.467,0.478,0.505,0.516,0.525,0.529,0.532,0.535,Africa,AF,Zimbabwe,ZWE,716,Zimbabwe,16150362,English,Harare,Zimbabwe Dollar,100,Zimbabwe,ZW
0,Korea (Democratic People's Rep. of),PRK,,0,0,0,0,0,0,0,0,0,0,0,0,0,0,0,0,0,0,0,0,0,0,0,0,0,0,0,0,,,,,,Korea (Democratic People's Rep. of),,,,,,,
0,Monaco,MCO,MC,0,0,0,0,0,0,0,0,0,0,0,0,0,0,0,0,0,0,0,0,0,0,0,0,0,0,0,0,Europe,EU,Monaco,MCO,492,Monaco,38499,French,Monaco,Euros,150,Monaco,MC
0,Nauru,NRU,NR,0,0,0,0,0,0,0,0,0,0,0,0,0,0,0,0,0,0,0,0,0,0,0,0,0,0,0,0,Oceania,OC,Nauru,NRU,520,Nauru,13049, ,Yaren,Australian Dollars,204,Nauru,NR
0,San Marino,SMR,SM,0,0,0,0,0,0,0,0,0,0,0,0,0,0,0,0,0,0,0,0,0,0,0,0,0,0,0,0,Europe,EU,San Marino,SMR,674,San Marino,33203, ,San Marino,Euros,182,San Marino,SM
0,Somalia,SOM,SO,0,0,0,0,0,0,0,0,0,0,0,0,0,0,0,0,0,0,0,0,0,0,0,0,0,0,0,0,Africa,AF,Somalia,SOM,706,Somalia,14317996, ,Mogadishu,Shilling,158,Somalia,SO
0,Tuvalu,TUV,TV,0,0,0,0,0,0,0,0,0,0,0,0,0,0,0,0,0,0,0,0,0,0,0,0,0,0,0,0,Oceania,OC,Tuvalu,TUV,798,Tuvalu,11097, ,Funafuti,Australian Dollars,205,Tuvalu,TV
