index,Country,1990,1995,2000,2005,2010,2011,2012,2013,2014,2015,2016,2017,Country_Code,1991
0,Afghanistan,0.0,0.0,0.0,0.0,34.3,38.6,39.9,0.0,45.2,50.5,0.0,0.0,AFG,0.0
1,Albania,93.0,89.1,99.1,99.8,0.0,0.0,0.0,0.0,0.0,0.0,0.0,0.0,ALB,0.0
2,Algeria,0.0,0.0,92.0,0.0,0.0,0.0,96.6,0.0,0.0,0.0,0.0,0.0,DZA,0.0
3,Angola,0.0,0.0,0.0,0.0,0.0,0.0,0.0,0.0,0.0,0.0,46.9,0.0,AGO,0.0
4,Antigua and Barbuda,0.0,0.0,99.9,99.9,100.0,0.0,100.0,100.0,100.0,0.0,0.0,0.0,ATG,0.0
5,Argentina,96.9,98.5,99.1,99.1,95.0,97.1,98.2,97.0,99.6,99.6,0.0,0.0,ARG,0.0
6,Armenia,99.7,93.1,96.8,97.8,99.5,100.0,100.0,100.0,100.0,0.0,99.8,0.0,ARM,0.0
7,Armenia,99.7,93.1,96.8,97.8,99.5,100.0,100.0,100.0,100.0,0.0,99.8,0.0,ARM,0.0
8,Armenia,99.7,93.1,96.8,97.8,99.5,100.0,100.0,100.0,100.0,0.0,99.8,0.0,ARM,0.0
9,Armenia,99.7,93.1,96.8,97.8,99.5,100.0,100.0,100.0,100.0,0.0,99.8,0.0,ARM,0.0
10,Australia,0.0,99.3,99.3,99.4,99.1,99.1,0.0,99.3,99.7,99.7,0.0,0.0,AUS,0.0
11,Austria,0.0,0.0,98.3,98.6,98.5,98.6,98.5,98.5,98.5,98.5,98.4,0.0,AUT,0.0
12,Azerbaijan,97.3,91.5,80.7,94.4,99.4,97.2,99.8,99.9,99.9,99.8,99.8,0.0,AZE,0.0
13,Azerbaijan,97.3,91.5,80.7,94.4,99.4,97.2,99.8,99.9,99.9,99.8,99.8,0.0,AZE,0.0
14,Azerbaijan,97.3,91.5,80.7,94.4,99.4,97.2,99.8,99.9,99.9,99.8,99.8,0.0,AZE,0.0
15,Azerbaijan,97.3,91.5,80.7,94.4,99.4,97.2,99.8,99.9,99.9,99.8,99.8,0.0,AZE,0.0
16,Bahamas,99.0,0.0,99.0,0.0,99.0,99.0,0.0,98.0,99.6,0.0,0.0,0.0,BHS,0.0
17,Bahrain,0.0,97.6,97.7,97.5,99.3,99.6,99.8,99.8,99.8,99.7,0.0,0.0,BHR,0.0
18,Bangladesh,0.0,13.7,12.1,0.0,26.5,31.7,0.0,36.5,42.1,0.0,49.8,0.0,BGD,0.0
19,Barbados,0.0,100.0,98.0,100.0,0.0,100.0,98.9,98.6,99.7,99.0,0.0,0.0,BRB,0.0
20,Belarus,99.9,99.9,99.9,100.0,99.9,99.8,100.0,99.8,99.8,0.0,0.0,0.0,BLR,0.0
21,Belize,0.0,0.0,76.8,76.8,94.0,96.2,0.0,94.2,0.0,0.0,96.8,0.0,BLZ,0.0
22,Benin,0.0,0.0,0.0,0.0,0.0,0.0,80.9,0.0,77.2,0.0,0.0,0.0,BEN,0.0
23,Bhutan,0.0,0.0,23.7,52.3,64.5,70.0,81.0,89.0,89.0,89.0,89.0,0.0,BTN,0.0
24,Bolivia (Plurinational State of),0.0,0.0,67.3,0.0,0.0,84.0,84.8,73.5,0.0,0.0,89.8,0.0,BOL,0.0
25,Bosnia and Herzegovina,97.0,0.0,98.9,99.9,99.9,99.9,99.9,0.0,99.9,99.9,0.0,0.0,BIH,0.0
26,Botswana,0.0,0.0,98.5,94.0,99.1,99.8,99.8,99.9,99.5,99.7,0.0,0.0,BWA,0.0
27,Brazil,0.0,0.0,98.6,98.6,98.9,99.0,99.0,99.1,99.1,99.1,0.0,0.0,BRA,0.0
28,Brunei Darussalam,0.0,96.2,99.2,99.6,99.8,99.6,99.8,99.7,99.9,100.0,100.0,0.0,BRN,0.0
29,Bulgaria,99.1,98.9,99.8,99.4,99.5,0.0,0.0,99.7,99.7,99.8,0.0,0.0,BGR,0.0
30,Burkina Faso,0.0,0.0,36.5,36.7,65.9,0.0,0.0,0.0,0.0,79.8,0.0,0.0,BFA,0.0
31,Burundi,0.0,0.0,25.2,31.8,60.3,0.0,0.0,0.0,0.0,0.0,0.0,85.1,BDI,0.0
32,Cabo Verde,0.0,54.0,0.0,77.5,98.5,98.7,0.0,92.3,95.6,91.4,0.0,0.0,CPV,0.0
33,Cambodia,0.0,43.3,31.8,43.8,71.0,71.7,0.0,0.0,89.0,0.0,0.0,0.0,KHM,0.0
34,Cameroon,0.0,0.0,56.0,0.0,0.0,56.1,0.0,0.0,64.7,0.0,0.0,0.0,CMR,0.0
35,Canada,0.0,99.4,99.3,98.8,98.5,98.4,98.1,98.0,97.9,0.0,0.0,0.0,CAN,0.0
36,Central African Republic,0.0,45.9,31.7,0.0,40.0,0.0,0.0,0.0,0.0,0.0,0.0,0.0,CAF,0.0
37,Chad,0.0,0.0,13.7,0.0,16.6,0.0,0.0,0.0,0.0,20.2,0.0,0.0,TCD,0.0
38,Chile,0.0,99.5,99.0,99.8,99.8,99.8,99.8,99.8,99.8,99.7,0.0,0.0,CHL,0.0
39,China,94.0,89.3,96.6,97.5,99.6,99.7,99.8,99.9,99.9,99.9,0.0,0.0,CHN,0.0
40,Colombia,80.6,83.6,86.1,90.7,94.8,99.2,98.7,98.7,98.9,95.9,0.0,0.0,COL,0.0
41,Comoros,0.0,0.0,61.8,0.0,0.0,0.0,82.2,0.0,0.0,0.0,0.0,0.0,COM,0.0
42,Congo,0.0,0.0,0.0,83.4,0.0,0.0,92.5,0.0,0.0,91.2,0.0,0.0,COG,0.0
43,Congo,0.0,0.0,0.0,83.4,0.0,0.0,92.5,0.0,0.0,91.2,0.0,0.0,COD,0.0
44,Congo,0.0,0.0,0.0,83.4,0.0,0.0,92.5,0.0,0.0,91.2,0.0,0.0,COD,0.0
45,Congo (Democratic Republic of the),0.0,0.0,0.0,0.0,74.1,0.0,0.0,0.0,80.1,0.0,0.0,0.0,COD,0.0
46,Congo (Democratic Republic of the),0.0,0.0,0.0,0.0,74.1,0.0,0.0,0.0,80.1,0.0,0.0,0.0,COD,0.0
47,Costa Rica,0.0,0.0,98.4,98.5,95.3,98.4,98.9,99.0,99.2,90.0,0.0,0.0,CRI,0.0
48,Croatia,99.8,99.9,99.9,99.9,99.9,99.9,99.9,99.9,99.9,99.9,0.0,0.0,HRV,0.0
49,Cuba,99.8,99.8,99.9,99.9,99.9,99.9,99.9,99.9,99.4,99.9,99.9,0.0,CUB,0.0
50,Cyprus,100.0,100.0,97.9,99.3,98.6,98.3,98.7,99.9,97.4,0.0,0.0,0.0,CYP,0.0
51,Cyprus,100.0,100.0,97.9,99.3,98.6,98.3,98.7,99.9,97.4,0.0,0.0,0.0,CYP,0.0
52,Cyprus,100.0,100.0,97.9,99.3,98.6,98.3,98.7,99.9,97.4,0.0,0.0,0.0,CYP,0.0
53,Cyprus,100.0,100.0,97.9,99.3,98.6,98.3,98.7,99.9,97.4,0.0,0.0,0.0,CYP,0.0
54,Czechia,100.0,100.0,99.8,99.8,99.7,99.9,99.9,99.8,0.0,0.0,0.0,0.0,CZE,0.0
55,Côte d'Ivoire,0.0,0.0,62.8,55.1,0.0,0.0,59.4,0.0,0.0,0.0,73.6,0.0,CIV,0.0
56,Denmark,0.0,0.0,98.8,98.8,98.5,98.5,98.2,96.3,95.9,95.4,94.4,0.0,DNK,0.0
57,Djibouti,0.0,0.0,0.0,0.0,0.0,0.0,87.4,0.0,0.0,0.0,0.0,0.0,DJI,0.0
58,Dominica,0.0,0.0,100.0,99.0,0.0,100.0,100.0,100.0,100.0,96.0,96.0,0.0,DMA,0.0
59,Dominican Republic,0.0,0.0,97.6,0.0,97.8,98.7,98.8,98.6,98.5,99.6,0.0,0.0,DOM,0.0
60,Dominican Republic,0.0,0.0,97.6,0.0,97.8,98.7,98.8,98.6,98.5,99.6,0.0,0.0,DOM,0.0
61,Dominican Republic,0.0,0.0,97.6,0.0,97.8,98.7,98.8,98.6,98.5,99.6,0.0,0.0,DOM,0.0
62,Ecuador,0.0,0.0,0.0,80.0,89.2,91.1,93.1,94.7,96.3,95.0,96.7,0.0,ECU,0.0
63,Egypt,0.0,46.3,60.9,74.2,0.0,0.0,95.0,0.0,91.5,0.0,0.0,0.0,EGY,0.0
64,El Salvador,0.0,0.0,0.0,87.2,98.0,99.0,99.5,99.8,98.0,99.9,99.9,0.0,SLV,0.0
65,Equatorial Guinea,0.0,0.0,64.6,0.0,0.0,68.3,0.0,0.0,0.0,0.0,0.0,0.0,GNQ,0.0
66,Eritrea,0.0,20.6,0.0,0.0,34.1,0.0,0.0,0.0,0.0,0.0,0.0,0.0,ERI,0.0
67,Estonia,0.0,99.3,99.5,99.6,99.3,99.4,99.3,99.4,99.4,99.5,99.4,0.0,EST,0.0
68,Eswatini (Kingdom of),0.0,0.0,65.4,0.0,82.0,0.0,0.0,0.0,88.3,0.0,0.0,0.0,SWZ,0.0
69,Ethiopia,0.0,0.0,5.6,5.7,0.0,10.0,0.0,0.0,15.5,0.0,27.7,0.0,GNB,0.0
70,Ethiopia,0.0,0.0,5.6,5.7,0.0,10.0,0.0,0.0,15.5,0.0,27.7,0.0,GNB,0.0
71,Ethiopia,0.0,0.0,5.6,5.7,0.0,10.0,0.0,0.0,15.5,0.0,27.7,0.0,GNB,0.0
72,Fiji,95.3,96.2,96.9,97.2,99.7,99.6,99.3,99.7,99.7,99.9,0.0,0.0,HKG,0.0
73,Fiji,95.3,96.2,96.9,97.2,99.7,99.6,99.3,99.7,99.7,99.9,0.0,0.0,HKG,0.0
74,Finland,98.8,98.5,98.4,99.8,99.8,99.7,99.8,0.0,99.7,99.9,0.0,0.0,IRN,0.0
75,Finland,98.8,98.5,98.4,99.8,99.8,99.7,99.8,0.0,99.7,99.9,0.0,0.0,IRN,0.0
76,France,0.0,0.0,0.0,97.9,97.5,96.2,97.1,98.3,98.3,97.7,97.4,0.0,IRQ,0.0
77,France,0.0,0.0,0.0,97.9,97.5,96.2,97.1,98.3,98.3,97.7,97.4,0.0,IRQ,0.0
78,France,0.0,0.0,0.0,97.9,97.5,96.2,97.1,98.3,98.3,97.7,97.4,0.0,IRQ,0.0
79,Gabon,0.0,0.0,85.5,0.0,0.0,0.0,89.3,0.0,0.0,0.0,0.0,0.0,GAB,0.0
80,Gambia,44.1,0.0,51.6,0.0,56.1,0.0,0.0,57.2,0.0,0.0,0.0,0.0,GMB,0.0
81,Georgia,96.6,0.0,95.5,98.3,99.6,99.8,99.8,99.9,99.9,99.9,0.0,0.0,GEO,0.0
82,Georgia,96.6,0.0,95.5,98.3,99.6,99.8,99.8,99.9,99.9,99.9,0.0,0.0,GEO,0.0
83,Georgia,96.6,0.0,95.5,98.3,99.6,99.8,99.8,99.9,99.9,99.9,0.0,0.0,GEO,0.0
84,Georgia,96.6,0.0,95.5,98.3,99.6,99.8,99.8,99.9,99.9,99.9,0.0,0.0,GEO,0.0
85,Germany,0.0,0.0,98.6,98.2,98.3,98.3,98.5,98.5,98.5,98.7,0.0,0.0,DEU,0.0
86,Ghana,0.0,0.0,0.0,0.0,0.0,67.2,0.0,0.0,70.8,0.0,0.0,0.0,GHA,0.0
87,Grenada,0.0,0.0,100.0,100.0,0.0,100.0,99.0,99.0,99.0,0.0,99.3,0.0,GRD,0.0
88,Guatemala,0.0,34.8,0.0,0.0,52.3,0.0,58.7,62.8,0.0,65.5,0.0,0.0,GTM,0.0
89,Guinea,0.0,0.0,0.0,38.0,0.0,0.0,45.3,0.0,0.0,0.0,62.7,0.0,GIN,0.0
90,Guinea,0.0,0.0,0.0,38.0,0.0,0.0,45.3,0.0,0.0,0.0,62.7,0.0,GNB,0.0
91,Guinea,0.0,0.0,0.0,38.0,0.0,0.0,45.3,0.0,0.0,0.0,62.7,0.0,GNB,0.0
92,Guinea,0.0,0.0,0.0,38.0,0.0,0.0,45.3,0.0,0.0,0.0,62.7,0.0,GNB,0.0
93,Guinea-Bissau,0.0,25.0,31.8,0.0,43.0,0.0,0.0,0.0,45.0,0.0,0.0,0.0,GNB,0.0
94,Guinea-Bissau,0.0,25.0,31.8,0.0,43.0,0.0,0.0,0.0,45.0,0.0,0.0,0.0,GNB,0.0
95,Guinea-Bissau,0.0,25.0,31.8,0.0,43.0,0.0,0.0,0.0,45.0,0.0,0.0,0.0,GNB,0.0
96,Guyana,0.0,0.0,82.9,96.7,0.0,0.0,0.0,0.0,85.7,0.0,0.0,0.0,GUY,0.0
97,Haiti,0.0,20.6,23.8,0.0,0.0,0.0,37.3,48.6,0.0,0.0,0.0,41.7,HTI,0.0
98,Honduras,0.0,0.0,0.0,66.9,0.0,0.0,82.8,0.0,0.0,0.0,0.0,0.0,HND,0.0
99,Hungary,99.4,99.4,99.5,99.6,99.1,99.0,99.0,99.1,99.2,0.0,0.0,0.0,HUN,0.0
100,Iceland,100.0,99.8,99.3,99.0,98.2,97.9,97.8,98.1,97.8,98.2,97.9,0.0,ISL,0.0
101,India,0.0,0.0,42.5,34.5,60.5,66.6,0.0,0.0,81.4,0.0,85.7,0.0,IND,0.0
102,Indonesia,0.0,46.1,63.5,70.5,79.8,81.3,83.1,87.4,0.0,0.0,92.6,0.0,IDN,0.0
103,Iran (Islamic Republic of),0.0,0.0,89.6,97.3,96.4,98.5,98.8,98.8,99.0,0.0,0.0,0.0,IRN,0.0
104,Iran (Islamic Republic of),0.0,0.0,89.6,97.3,96.4,98.5,98.8,98.8,99.0,0.0,0.0,0.0,IRN,0.0
105,Iraq,0.0,0.0,65.2,0.0,0.0,90.9,70.4,0.0,0.0,0.0,0.0,0.0,IRQ,0.0
106,Iraq,0.0,0.0,65.2,0.0,0.0,90.9,70.4,0.0,0.0,0.0,0.0,0.0,IRQ,0.0
107,Iraq,0.0,0.0,65.2,0.0,0.0,90.9,70.4,0.0,0.0,0.0,0.0,0.0,IRQ,0.0
108,Iraq,0.0,0.0,65.2,0.0,0.0,90.9,70.4,0.0,0.0,0.0,0.0,0.0,IRQ,0.0
109,Iraq,0.0,0.0,65.2,0.0,0.0,90.9,70.4,0.0,0.0,0.0,0.0,0.0,IRQ,0.0
110,Iraq,0.0,0.0,65.2,0.0,0.0,90.9,70.4,0.0,0.0,0.0,0.0,0.0,IRQ,0.0
111,Ireland,0.0,0.0,99.6,99.7,99.8,99.8,99.8,99.8,99.7,99.7,0.0,0.0,IRL,0.0
112,Italy,0.0,0.0,99.8,99.8,99.9,99.9,0.0,99.9,99.9,0.0,0.0,0.0,ITA,0.0
113,Jamaica,0.0,0.0,0.0,96.7,90.1,99.1,0.0,0.0,0.0,0.0,0.0,0.0,JAM,0.0
114,Japan,99.9,99.9,99.8,99.8,99.8,99.8,99.8,0.0,99.8,99.9,0.0,0.0,JPN,0.0
115,Jordan,87.2,0.0,0.0,0.0,0.0,0.0,99.6,0.0,0.0,0.0,0.0,0.0,JOR,0.0
116,Kazakhstan,99.0,99.6,98.3,99.4,99.4,100.0,100.0,100.0,100.0,99.4,0.0,0.0,KAZ,0.0
117,Kazakhstan,99.0,99.6,98.3,99.4,99.4,100.0,100.0,100.0,100.0,99.4,0.0,0.0,KAZ,0.0
118,Kazakhstan,99.0,99.6,98.3,99.4,99.4,100.0,100.0,100.0,100.0,99.4,0.0,0.0,KAZ,0.0
119,Kazakhstan,99.0,99.6,98.3,99.4,99.4,100.0,100.0,100.0,100.0,99.4,0.0,0.0,KAZ,0.0
120,Kenya,0.0,0.0,42.6,0.0,0.0,0.0,0.0,0.0,61.8,0.0,0.0,0.0,KEN,0.0
121,Kiribati,60.0,0.0,85.0,63.0,98.3,0.0,0.0,0.0,0.0,0.0,0.0,0.0,KIR,0.0
122,Korea (Democratic People's Rep. of),0.0,0.0,96.7,0.0,0.0,0.0,0.0,0.0,0.0,0.0,0.0,0.0,PRK,0.0
123,Korea (Republic of),0.0,0.0,99.9,0.0,0.0,0.0,99.8,0.0,0.0,100.0,0.0,0.0,KOR,0.0
124,Kuwait,0.0,0.0,100.0,98.6,98.6,98.8,98.8,98.7,98.7,99.9,0.0,0.0,KWT,0.0
125,Kyrgyzstan,98.9,98.0,98.6,97.9,98.3,98.6,99.1,99.0,98.4,0.0,0.0,0.0,KGZ,0.0
126,Lao People's Democratic Republic,0.0,0.0,16.7,14.6,37.0,0.0,40.1,0.0,0.0,0.0,0.0,0.0,LAO,0.0
127,Latvia,100.0,100.0,100.0,100.0,98.8,98.6,98.6,98.4,98.1,99.9,99.9,0.0,LVA,0.0
128,Lebanon,0.0,0.0,99.9,0.0,0.0,0.0,0.0,0.0,0.0,0.0,0.0,0.0,LBN,0.0
129,Lesotho,0.0,0.0,48.1,0.0,0.0,0.0,0.0,0.0,77.9,0.0,0.0,0.0,LSO,0.0
130,Liberia,0.0,0.0,50.9,0.0,0.0,0.0,0.0,61.1,0.0,0.0,0.0,0.0,LBR,0.0
131,Libya,0.0,94.4,0.0,0.0,99.9,99.9,99.9,99.9,0.0,0.0,0.0,0.0,LBY,0.0
132,Lithuania,100.0,100.0,100.0,100.0,100.0,100.0,100.0,100.0,100.0,0.0,0.0,0.0,LTU,0.0
133,Madagascar,0.0,0.0,47.0,0.0,0.0,0.0,0.0,44.3,0.0,0.0,0.0,0.0,MDG,0.0
134,Malawi,0.0,0.0,55.6,59.0,71.4,83.7,82.6,0.0,87.4,0.0,89.8,0.0,MWI,0.0
135,Malaysia,92.8,95.1,96.6,98.1,98.6,98.6,98.7,98.8,99.0,99.4,0.0,0.0,MYS,0.0
136,Maldives,0.0,0.0,0.0,91.6,98.2,98.8,95.5,95.6,95.6,0.0,0.0,0.0,MDV,0.0
137,Mali,0.0,0.0,0.0,0.0,0.0,0.0,0.0,57.1,0.0,43.7,0.0,0.0,MLI,0.0
138,Malta,0.0,0.0,0.0,99.7,99.8,99.8,99.5,99.9,99.9,99.8,99.8,0.0,MLT,0.0
139,Marshall Islands,0.0,0.0,0.0,0.0,90.0,90.1,0.0,0.0,0.0,0.0,0.0,0.0,MHL,0.0
140,Mauritania,0.0,0.0,0.0,0.0,0.0,65.1,0.0,0.0,0.0,69.3,0.0,0.0,MRT,0.0
141,Mauritius,91.1,98.1,99.7,99.2,99.5,0.0,99.5,0.0,99.8,99.8,99.8,0.0,MUS,0.0
142,Mexico,98.3,99.2,88.6,93.3,0.0,0.0,99.6,0.0,95.6,97.7,0.0,0.0,MEX,0.0
143,Micronesia (Federated States of),0.0,0.0,82.8,82.7,0.0,0.0,0.0,0.0,0.0,0.0,0.0,0.0,FSM,0.0
144,Moldova (Republic of),100.0,100.0,98.0,99.5,99.2,99.4,99.2,99.8,99.7,0.0,0.0,0.0,MDA,0.0
145,Mongolia,99.9,0.0,96.6,99.2,98.8,0.0,0.0,98.9,0.0,0.0,0.0,0.0,MNG,0.0
146,Montenegro,0.0,0.0,99.1,99.0,0.0,0.0,0.0,99.0,0.0,0.0,0.0,0.0,MNE,0.0
147,Morocco,0.0,39.6,0.0,0.0,74.1,73.6,0.0,0.0,0.0,0.0,0.0,0.0,MAR,0.0
148,Mozambique,0.0,0.0,0.0,48.5,0.0,54.3,0.0,0.0,0.0,0.0,0.0,0.0,MOZ,0.0
149,Myanmar,0.0,0.0,0.0,72.5,70.6,0.0,0.0,0.0,0.0,0.0,60.2,0.0,MMR,0.0
150,Namibia,0.0,0.0,75.5,0.0,0.0,0.0,0.0,88.2,0.0,0.0,0.0,0.0,NAM,0.0
151,Nepal,0.0,0.0,11.9,0.0,0.0,36.0,0.0,0.0,55.6,0.0,58.0,0.0,NPL,0.0
152,New Zealand,0.0,0.0,97.3,94.0,96.2,96.7,0.0,0.0,96.6,96.3,0.0,0.0,NZL,0.0
153,Nicaragua,0.0,0.0,0.0,79.8,74.0,0.0,88.0,0.0,0.0,0.0,0.0,0.0,NIC,0.0
154,Niger,0.0,0.0,15.7,0.0,0.0,0.0,29.3,0.0,0.0,39.7,0.0,0.0,NER,0.0
155,Nigeria,30.8,0.0,0.0,0.0,0.0,47.3,0.0,35.2,0.0,0.0,0.0,43.0,NGA,0.0
156,Norway,99.4,99.2,99.0,99.2,99.1,99.2,99.2,99.1,99.1,99.1,99.1,0.0,NOR,0.0
157,Oman,0.0,91.1,94.7,98.0,98.6,98.6,98.6,98.6,99.1,0.0,0.0,0.0,OMN,0.0
158,Pakistan,0.0,0.0,22.9,31.0,0.0,43.0,51.0,52.1,0.0,0.0,0.0,0.0,PAK,0.0
159,Palau,100.0,100.0,100.0,0.0,99.6,100.0,97.4,99.1,100.0,100.0,100.0,0.0,PLW,0.0
160,"Palestine, State of",0.0,0.0,97.4,0.0,99.0,0.0,0.0,0.0,99.6,0.0,0.0,0.0,0,0.0
161,Panama,86.3,88.3,90.5,91.1,92.7,93.5,94.3,91.4,93.9,95.0,94.6,0.0,PAN,0.0
162,Papua New Guinea,42.0,0.0,41.0,38.2,40.0,40.0,44.0,43.0,44.0,37.0,40.0,0.0,PNG,0.0
163,Paraguay,66.0,0.0,0.0,87.5,95.6,96.3,95.7,0.0,96.4,96.3,95.5,0.0,PRY,0.0
164,Peru,0.0,0.0,59.3,0.0,83.8,85.0,86.7,89.1,90.0,91.6,92.4,0.0,PER,0.0
165,Philippines,0.0,0.0,58.0,67.6,75.8,72.2,0.0,72.8,0.0,0.0,0.0,0.0,PHL,0.0
166,Poland,97.8,99.6,99.4,99.3,99.8,99.8,99.8,99.8,99.8,99.8,99.8,0.0,POL,0.0
167,Portugal,0.0,0.0,99.7,0.0,0.0,0.0,0.0,99.0,98.9,98.8,0.0,0.0,PRT,0.0
168,Qatar,100.0,100.0,100.0,100.0,100.0,100.0,100.0,0.0,99.9,99.9,0.0,0.0,QAT,0.0
169,Romania,99.8,99.1,99.0,98.1,99.5,99.4,99.5,98.5,98.5,95.2,0.0,0.0,ROU,0.0
170,Russian Federation,99.2,99.1,99.2,99.4,99.7,98.7,99.7,99.7,99.7,0.0,0.0,0.0,RUS,0.0
171,Russian Federation,99.2,99.1,99.2,99.4,99.7,98.7,99.7,99.7,99.7,0.0,0.0,0.0,RUS,0.0
172,Russian Federation,99.2,99.1,99.2,99.4,99.7,98.7,99.7,99.7,99.7,0.0,0.0,0.0,RUS,0.0
173,Russian Federation,99.2,99.1,99.2,99.4,99.7,98.7,99.7,99.7,99.7,0.0,0.0,0.0,RUS,0.0
174,Rwanda,0.0,0.0,21.9,38.6,69.0,0.0,0.0,0.0,0.0,90.7,0.0,0.0,RWA,0.0
175,Saint Kitts and Nevis,0.0,0.0,99.4,100.0,100.0,100.0,100.0,100.0,100.0,0.0,0.0,0.0,KNA,0.0
176,Saint Lucia,0.0,0.0,100.0,100.0,98.5,0.0,98.7,0.0,0.0,0.0,0.0,0.0,LCA,0.0
177,Saint Vincent and the Grenadines,0.0,0.0,100.0,100.0,98.3,98.8,99.2,99.0,99.0,0.0,0.0,0.0,VCT,0.0
178,Samoa,76.0,0.0,80.0,0.0,0.0,0.0,0.0,0.0,82.5,0.0,0.0,0.0,WSM,0.0
179,Sao Tome and Principe,0.0,0.0,78.6,0.0,0.0,0.0,0.0,0.0,92.5,0.0,0.0,0.0,STP,0.0
180,Saudi Arabia,88.0,91.4,91.0,96.0,97.0,0.0,0.0,98.0,0.0,0.0,0.0,0.0,SAU,0.0
181,Senegal,0.0,0.0,57.8,51.9,0.0,65.1,0.0,50.5,59.1,53.1,53.1,0.0,SEN,0.0
182,Serbia,98.3,98.7,98.0,99.7,99.7,99.0,99.0,99.9,98.4,0.0,0.0,0.0,SRB,0.0
183,Seychelles,98.0,99.0,99.0,99.0,99.0,99.0,99.0,0.0,0.0,0.0,0.0,0.0,SYC,0.0
184,Sierra Leone,0.0,0.0,37.1,40.0,60.8,0.0,0.0,59.7,0.0,0.0,0.0,0.0,SLE,0.0
185,Singapore,0.0,0.0,99.7,99.7,99.7,99.7,99.7,99.6,99.7,99.6,99.6,0.0,SGP,0.0
186,Slovakia,100.0,100.0,100.0,99.5,99.2,99.0,99.5,98.6,98.5,0.0,0.0,0.0,SVK,0.0
187,Slovenia,99.9,99.9,99.9,99.9,99.9,99.9,99.8,0.0,0.0,0.0,0.0,0.0,SVN,0.0
188,Solomon Islands,85.0,0.0,0.0,0.0,0.0,0.0,0.0,0.0,0.0,86.2,0.0,0.0,SLB,0.0
189,South Africa,0.0,0.0,0.0,0.0,0.0,0.0,0.0,0.0,0.0,0.0,96.7,0.0,ZAF,0.0
190,South Sudan,0.0,0.0,0.0,0.0,19.4,0.0,0.0,0.0,0.0,0.0,0.0,0.0,SSD,0.0
191,Sri Lanka,0.0,0.0,96.0,0.0,0.0,0.0,0.0,0.0,0.0,0.0,0.0,0.0,LKA,0.0
192,Sudan,68.5,0.0,0.0,0.0,72.5,0.0,0.0,0.0,77.7,0.0,0.0,0.0,SDN,0.0
193,Suriname,80.0,0.0,70.9,0.0,90.0,0.0,0.0,0.0,0.0,80.0,0.0,0.0,SUR,0.0
194,Tajikistan,0.0,80.9,70.7,82.4,87.7,89.0,87.4,90.8,90.3,0.0,0.0,0.0,TJK,0.0
195,Tanzania (United Republic of),0.0,0.0,0.0,0.0,48.9,0.0,0.0,0.0,0.0,0.0,63.5,0.0,TZA,0.0
196,Thailand,90.8,94.4,99.3,0.0,0.0,0.0,99.6,0.0,0.0,0.0,99.1,0.0,THA,0.0
197,The former Yugoslav Republic of Macedonia,88.9,94.1,97.7,99.1,99.9,91.2,99.9,99.9,99.9,99.9,99.9,0.0,0,0.0
198,Timor-Leste,0.0,0.0,0.0,0.0,29.3,0.0,0.0,0.0,0.0,0.0,56.7,0.0,TLS,0.0
199,Togo,0.0,0.0,35.4,0.0,43.9,0.0,0.0,0.0,44.6,0.0,0.0,0.0,TGO,0.0
200,Tonga,94.0,0.0,95.0,96.1,99.0,0.0,95.5,0.0,0.0,0.0,0.0,0.0,TON,0.0
201,Trinidad and Tobago,0.0,97.5,99.0,0.0,0.0,0.0,100.0,100.0,100.0,100.0,0.0,0.0,TTO,0.0
202,Tunisia,0.0,81.0,89.9,0.0,0.0,0.0,73.6,0.0,0.0,0.0,0.0,0.0,TUN,0.0
203,Turkey,0.0,0.0,0.0,0.0,0.0,0.0,0.0,0.0,97.4,0.0,0.0,0.0,TUR,0.0
204,Turkey,0.0,0.0,0.0,0.0,0.0,0.0,0.0,0.0,97.4,0.0,0.0,0.0,TUR,0.0
205,Turkey,0.0,0.0,0.0,0.0,0.0,0.0,0.0,0.0,97.4,0.0,0.0,0.0,TUR,0.0
206,Turkey,0.0,0.0,0.0,0.0,0.0,0.0,0.0,0.0,97.4,0.0,0.0,0.0,TUR,0.0
207,Turkmenistan,0.0,0.0,97.2,99.7,0.0,0.0,0.0,0.0,0.0,0.0,100.0,0.0,TKM,0.0
208,Tuvalu,95.0,0.0,100.0,0.0,0.0,0.0,0.0,0.0,0.0,0.0,0.0,0.0,TUV,0.0
209,Uganda,0.0,37.8,36.0,0.0,0.0,57.4,0.0,0.0,0.0,0.0,74.2,0.0,UGA,0.0
210,Ukraine,99.9,99.9,99.9,99.8,99.9,99.9,99.0,99.9,99.9,0.0,0.0,0.0,UKR,0.0
211,United Arab Emirates,99.1,99.2,0.0,100.0,100.0,0.0,0.0,99.9,99.9,99.9,0.0,0.0,ARE,0.0
212,United States,99.2,99.4,99.4,99.4,99.4,99.3,99.3,99.2,98.5,99.1,0.0,0.0,USA,0.0
213,Uruguay,99.4,98.0,99.7,99.9,99.8,99.5,99.9,99.9,99.9,0.0,0.0,0.0,URY,0.0
214,Uzbekistan,0.0,0.0,94.9,100.0,100.0,100.0,100.0,100.0,100.0,100.0,0.0,0.0,UZB,0.0
215,Vanuatu,79.0,89.1,88.0,92.0,0.0,0.0,0.0,89.4,0.0,0.0,0.0,0.0,VUT,0.0
216,Venezuela (Bolivarian Republic of),0.0,0.0,94.0,99.9,0.0,98.1,96.0,0.0,99.5,97.3,96.2,0.0,VEN,0.0
217,Viet Nam,0.0,0.0,58.8,96.1,0.0,91.9,0.0,0.0,93.8,0.0,0.0,0.0,VNM,0.0
218,Yemen,0.0,0.0,22.0,31.0,0.0,0.0,34.4,44.7,0.0,0.0,0.0,0.0,YEM,0.0
219,Zambia,0.0,0.0,0.0,0.0,0.0,0.0,0.0,0.0,63.3,0.0,0.0,0.0,ZMB,0.0
220,Zimbabwe,0.0,0.0,0.0,0.0,0.0,66.2,0.0,0.0,80.0,78.1,0.0,0.0,ZWE,0.0
221,Andorra,0.0,0.0,0.0,0.0,0.0,0.0,0.0,0.0,0.0,0.0,0.0,0.0,AND,0.0
222,Belgium,0.0,0.0,0.0,0.0,0.0,0.0,0.0,0.0,0.0,0.0,0.0,0.0,BEL,0.0
223,Greece,0.0,0.0,0.0,0.0,0.0,0.0,0.0,0.0,0.0,0.0,0.0,0.0,GRC,0.0
224,"Hong Kong, China (SAR)",0.0,0.0,0.0,0.0,0.0,0.0,0.0,0.0,0.0,0.0,0.0,0.0,0,0.0
225,Israel,0.0,0.0,0.0,0.0,0.0,0.0,0.0,0.0,0.0,0.0,0.0,0.0,ISR,0.0
226,Liechtenstein,0.0,0.0,0.0,0.0,0.0,0.0,0.0,0.0,0.0,0.0,0.0,0.0,LIE,0.0
227,Luxembourg,0.0,0.0,0.0,0.0,0.0,0.0,0.0,0.0,0.0,0.0,0.0,0.0,LUX,0.0
228,Monaco,0.0,0.0,0.0,0.0,0.0,0.0,0.0,0.0,0.0,0.0,0.0,0.0,MCO,0.0
229,Nauru,0.0,0.0,0.0,0.0,0.0,0.0,0.0,0.0,0.0,0.0,0.0,0.0,NRU,0.0
230,Netherlands,0.0,0.0,0.0,0.0,0.0,0.0,0.0,0.0,0.0,0.0,0.0,0.0,NLD,0.0
231,San Marino,0.0,0.0,0.0,0.0,0.0,0.0,0.0,0.0,0.0,0.0,0.0,0.0,SMR,0.0
232,Somalia,0.0,0.0,0.0,0.0,0.0,0.0,0.0,0.0,0.0,0.0,0.0,0.0,SOM,0.0
233,Spain,0.0,0.0,0.0,0.0,0.0,0.0,0.0,0.0,0.0,0.0,0.0,0.0,ESP,0.0
234,Sweden,0.0,0.0,0.0,0.0,0.0,0.0,0.0,0.0,0.0,0.0,0.0,0.0,SWE,0.0
235,Switzerland,0.0,0.0,0.0,0.0,0.0,0.0,0.0,0.0,0.0,0.0,0.0,0.0,CHE,0.0
236,Syrian Arab Republic,0.0,0.0,0.0,0.0,0.0,0.0,0.0,0.0,0.0,0.0,0.0,0.0,SYR,0.0
237,United Kingdom,0.0,0.0,0.0,0.0,0.0,0.0,0.0,0.0,0.0,0.0,0.0,0.0,GBR,0.0
0,Afghanistan,0.0,8.7,11.2,8.5,7.8,8.2,7.9,8.5,8.7,8.9,8.8,8.8,AFG,12.0
1,Albania,0.0,23.9,22.7,17.5,14.2,14.0,13.4,15.6,17.5,17.1,15.2,13.9,ALB,22.3
2,Algeria,0.0,27.9,29.8,15.3,10.0,10.0,11.0,9.8,10.6,11.2,10.2,10.0,DZA,20.6
3,Angola,0.0,23.9,23.7,21.4,9.9,7.4,7.4,7.3,7.3,7.3,7.7,8.2,AGO,23.7
4,Argentina,0.0,18.8,15.0,11.5,7.4,7.1,7.3,6.6,7.0,6.9,8.4,8.7,ARG,5.6
5,Armenia,0.0,6.7,10.9,8.2,19.0,18.4,17.3,16.2,17.5,18.3,18.0,18.2,ARM,2.0
6,Armenia,0.0,6.7,10.9,8.2,19.0,18.4,17.3,16.2,17.5,18.3,18.0,18.2,ARM,2.0
7,Armenia,0.0,6.7,10.9,8.2,19.0,18.4,17.3,16.2,17.5,18.3,18.0,18.2,ARM,2.0
8,Armenia,0.0,6.7,10.9,8.2,19.0,18.4,17.3,16.2,17.5,18.3,18.0,18.2,ARM,2.0
9,Australia,0.0,8.5,6.3,5.0,5.2,5.1,5.2,5.7,6.1,6.1,5.7,5.7,AUS,9.6
10,Austria,0.0,4.4,4.7,5.6,4.8,4.6,4.9,5.3,5.6,5.7,6.0,5.5,AUT,3.4
11,Azerbaijan,0.0,8.0,11.8,7.3,5.6,5.4,5.2,5.0,4.9,5.0,5.0,5.0,AZE,8.9
12,Azerbaijan,0.0,8.0,11.8,7.3,5.6,5.4,5.2,5.0,4.9,5.0,5.0,5.0,AZE,8.9
13,Azerbaijan,0.0,8.0,11.8,7.3,5.6,5.4,5.2,5.0,4.9,5.0,5.0,5.0,AZE,8.9
14,Azerbaijan,0.0,8.0,11.8,7.3,5.6,5.4,5.2,5.0,4.9,5.0,5.0,5.0,AZE,8.9
15,Bahamas,0.0,10.8,7.2,10.2,14.3,14.5,14.0,16.2,13.8,12.0,12.7,12.6,BHS,12.2
16,Bahrain,0.0,5.9,5.6,7.8,1.1,1.2,1.2,1.2,1.2,1.2,1.3,1.3,BHR,6.4
17,Bangladesh,0.0,2.6,3.3,4.3,3.4,3.7,3.9,4.4,4.4,4.4,4.4,4.4,BGD,2.2
18,Barbados,0.0,19.7,9.4,9.1,10.7,11.1,11.6,11.6,12.2,11.4,9.7,9.7,BRB,23.0
19,Belarus,0.0,0.6,0.9,0.9,1.2,0.7,0.6,0.5,0.5,0.5,0.5,0.5,BLR,0.8
20,Belgium,0.0,9.3,6.6,8.4,8.3,7.1,7.5,8.4,8.5,8.5,7.8,7.4,BEL,7.0
21,Belize,0.0,12.5,11.0,11.0,11.3,12.9,14.3,11.7,11.6,10.0,7.9,7.6,BLZ,3.8
22,Benin,0.0,1.2,0.8,0.9,1.0,2.7,2.6,2.6,2.6,2.6,2.5,2.5,BEN,1.5
23,Bhutan,0.0,1.4,1.7,3.1,3.3,3.2,2.1,2.9,2.6,2.5,2.4,2.4,BTN,1.4
24,Bolivia (Plurinational State of),0.0,3.7,4.5,5.1,2.5,2.2,2.1,2.4,2.0,3.1,3.1,3.1,BOL,5.9
25,Bosnia and Herzegovina,0.0,22.4,25.4,29.8,27.2,27.6,28.1,27.5,27.5,26.3,25.1,25.6,BIH,17.6
26,Botswana,0.0,21.3,15.9,20.7,17.9,17.8,17.7,17.7,17.6,17.5,17.9,18.1,BWA,13.8
27,Brazil,0.0,6.0,13.9,9.3,8.4,6.7,7.2,7.0,6.7,8.4,11.6,12.9,BRA,10.1
28,Brunei Darussalam,0.0,5.1,5.6,5.9,6.2,6.1,6.0,5.9,7.0,6.8,6.9,7.1,BRN,4.7
29,Bulgaria,0.0,15.9,16.2,10.1,10.3,11.3,12.3,12.9,11.4,9.1,7.6,6.3,BGR,21.3
30,Burkina Faso,0.0,2.6,2.6,4.0,4.7,5.1,5.6,6.0,6.5,6.5,6.4,6.3,BFA,2.6
31,Burundi,0.0,1.6,1.7,1.7,1.6,1.6,1.5,1.5,1.6,1.6,1.6,1.6,BDI,1.6
32,Cabo Verde,0.0,11.6,11.5,11.2,10.7,10.6,10.5,10.4,10.4,10.3,10.3,10.3,CPV,11.8
33,Cambodia,0.0,0.9,2.5,2.0,0.4,0.2,0.2,0.3,0.2,0.2,0.2,0.2,KHM,0.9
34,Cameroon,0.0,8.0,7.5,4.4,4.1,4.4,4.6,4.9,4.3,4.3,4.3,4.3,CMR,8.0
35,Canada,0.0,9.5,6.8,6.8,8.1,7.5,7.3,7.1,6.9,6.9,7.0,6.4,CAN,10.3
36,Central African Republic,0.0,6.2,6.2,6.2,6.3,6.3,6.3,6.3,6.3,6.4,6.2,6.0,CAF,6.2
37,Chad,0.0,5.5,5.6,5.7,5.8,5.7,5.7,5.7,5.7,5.7,5.8,5.9,TCD,5.5
38,Chile,0.0,4.7,9.2,8.0,8.4,7.3,6.7,6.2,6.7,6.5,6.7,7.0,CHL,5.2
39,China,0.0,4.6,4.5,4.1,4.2,4.3,4.5,4.5,4.6,4.6,4.7,4.7,CHN,4.9
40,Colombia,0.0,8.7,20.5,11.9,10.9,10.2,9.8,9.2,8.5,8.2,8.4,9.0,COL,10.1
41,Comoros,0.0,4.7,4.6,4.5,4.4,4.4,4.4,4.4,4.4,4.4,4.4,4.3,COM,4.8
42,Congo,0.0,20.3,20.1,19.8,14.6,13.1,10.0,10.0,10.0,10.0,10.4,11.0,COG,20.5
43,Congo,0.0,20.3,20.1,19.8,14.6,13.1,10.0,10.0,10.0,10.0,10.4,11.0,COD,20.5
44,Congo,0.0,20.3,20.1,19.8,14.6,13.1,10.0,10.0,10.0,10.0,10.4,11.0,COD,20.5
45,Congo (Democratic Republic of the),0.0,3.7,3.6,3.7,3.7,3.7,3.7,3.7,3.7,3.7,3.7,3.7,COD,3.6
46,Congo (Democratic Republic of the),0.0,3.7,3.6,3.7,3.7,3.7,3.7,3.7,3.7,3.7,3.7,3.7,COD,3.6
47,Costa Rica,0.0,5.2,5.1,6.6,8.9,10.2,9.9,9.0,9.1,9.3,9.0,8.5,CRI,5.4
48,Croatia,0.0,10.9,16.1,12.6,11.6,13.7,15.9,17.3,17.3,16.2,13.1,10.8,HRV,11.1
49,Cuba,0.0,8.3,5.4,1.9,2.5,3.2,3.5,3.3,2.7,2.4,2.4,2.6,CUB,9.7
50,Cyprus,0.0,3.6,5.0,5.3,6.3,7.9,11.8,15.9,16.1,14.9,13.0,10.8,CYP,2.8
51,Cyprus,0.0,3.6,5.0,5.3,6.3,7.9,11.8,15.9,16.1,14.9,13.0,10.8,CYP,2.8
52,Cyprus,0.0,3.6,5.0,5.3,6.3,7.9,11.8,15.9,16.1,14.9,13.0,10.8,CYP,2.8
53,Cyprus,0.0,3.6,5.0,5.3,6.3,7.9,11.8,15.9,16.1,14.9,13.0,10.8,CYP,2.8
54,Czechia,0.0,4.0,8.8,7.9,7.3,6.7,7.0,7.0,6.1,5.1,4.0,3.1,CZE,2.3
55,Côte d'Ivoire,0.0,4.1,3.9,3.5,3.1,3.0,2.9,2.8,2.8,2.7,2.6,2.6,CIV,6.7
56,Denmark,0.0,7.0,4.5,4.8,7.5,7.6,7.5,7.0,6.6,6.2,6.2,5.9,DNK,9.1
57,Djibouti,0.0,6.8,6.6,6.4,6.2,6.2,6.1,6.0,5.9,5.9,5.8,5.8,DJI,6.9
58,Dominican Republic,0.0,7.0,7.0,6.5,5.0,5.8,6.5,7.1,6.4,5.9,5.5,5.5,DOM,7.6
59,Dominican Republic,0.0,7.0,7.0,6.5,5.0,5.8,6.5,7.1,6.4,5.9,5.5,5.5,DOM,7.6
60,Dominican Republic,0.0,7.0,7.0,6.5,5.0,5.8,6.5,7.1,6.4,5.9,5.5,5.5,DOM,7.6
61,Ecuador,0.0,6.9,9.0,7.7,4.1,3.5,3.2,3.1,3.5,3.6,4.6,4.9,ECU,5.8
62,Egypt,0.0,11.3,9.0,11.2,11.9,11.9,12.6,13.2,13.1,13.1,12.4,12.1,EGY,9.6
63,El Salvador,0.0,7.7,7.0,7.2,4.9,4.3,3.9,3.7,4.2,4.0,4.4,4.5,SLV,7.5
64,Equatorial Guinea,0.0,5.7,5.8,5.8,5.6,5.6,5.6,5.5,5.5,5.5,6.2,6.9,GNQ,5.7
65,Eritrea,0.0,6.9,7.0,7.0,6.8,6.8,6.7,6.6,6.6,6.6,6.5,6.4,ERI,6.7
66,Estonia,0.0,9.7,13.4,8.0,16.7,12.3,10.0,8.6,7.4,6.2,6.8,6.8,EST,1.5
67,Eswatini (Kingdom of),0.0,21.7,22.3,22.1,27.8,27.5,27.2,26.9,26.6,26.3,26.4,26.4,SWZ,22.0
68,Ethiopia,0.0,4.2,8.2,5.4,5.2,5.2,5.1,5.0,5.0,5.0,5.1,5.2,GNB,3.1
69,Ethiopia,0.0,4.2,8.2,5.4,5.2,5.2,5.1,5.0,5.0,5.0,5.1,5.2,GNB,3.1
70,Ethiopia,0.0,4.2,8.2,5.4,5.2,5.2,5.1,5.0,5.0,5.0,5.1,5.2,GNB,3.1
71,Fiji,0.0,5.4,7.5,4.6,8.9,9.0,9.0,7.6,6.2,6.1,6.2,6.3,HKG,5.9
72,Fiji,0.0,5.4,7.5,4.6,8.9,9.0,9.0,7.6,6.2,6.1,6.2,6.3,HKG,5.9
73,Finland,0.0,17.0,11.1,8.4,8.4,7.8,7.7,8.2,8.7,9.4,8.8,8.7,IRN,6.5
74,Finland,0.0,17.0,11.1,8.4,8.4,7.8,7.7,8.2,8.7,9.4,8.8,8.7,IRN,6.5
75,France,0.0,11.8,10.2,8.5,8.9,8.8,9.4,9.9,10.3,10.4,10.1,9.7,IRQ,9.1
76,France,0.0,11.8,10.2,8.5,8.9,8.8,9.4,9.9,10.3,10.4,10.1,9.7,IRQ,9.1
77,France,0.0,11.8,10.2,8.5,8.9,8.8,9.4,9.9,10.3,10.4,10.1,9.7,IRQ,9.1
78,Gabon,0.0,17.7,17.2,16.9,20.4,20.3,20.3,20.3,20.2,20.2,19.8,19.6,GAB,17.7
79,Gambia,0.0,9.2,9.4,9.4,9.4,9.4,9.4,9.4,9.4,9.4,9.4,9.5,GMB,9.1
80,Georgia,0.0,12.2,10.8,13.8,16.3,15.1,15.0,14.6,12.4,12.0,11.8,11.6,GEO,9.7
81,Georgia,0.0,12.2,10.8,13.8,16.3,15.1,15.0,14.6,12.4,12.0,11.8,11.6,GEO,9.7
82,Georgia,0.0,12.2,10.8,13.8,16.3,15.1,15.0,14.6,12.4,12.0,11.8,11.6,GEO,9.7
83,Georgia,0.0,12.2,10.8,13.8,16.3,15.1,15.0,14.6,12.4,12.0,11.8,11.6,GEO,9.7
84,Germany,0.0,8.2,7.9,11.2,7.0,5.8,5.4,5.2,5.0,4.6,4.1,3.7,DEU,5.3
85,Ghana,0.0,6.5,10.4,4.7,5.3,4.5,3.6,2.2,2.2,2.2,2.3,2.4,GHA,4.7
86,Greece,0.0,9.1,11.3,10.0,12.7,17.9,24.4,27.5,26.5,24.9,23.5,21.4,GRC,7.7
87,Guatemala,0.0,2.5,1.4,2.5,3.7,4.1,2.9,3.3,2.9,2.7,2.8,2.7,GTM,3.2
88,Guinea,0.0,4.5,4.6,4.6,4.6,4.5,4.5,4.5,4.5,4.5,4.5,4.5,GIN,4.5
89,Guinea,0.0,4.5,4.6,4.6,4.6,4.5,4.5,4.5,4.5,4.5,4.5,4.5,GNB,4.5
90,Guinea,0.0,4.5,4.6,4.6,4.6,4.5,4.5,4.5,4.5,4.5,4.5,4.5,GNB,4.5
91,Guinea,0.0,4.5,4.6,4.6,4.6,4.5,4.5,4.5,4.5,4.5,4.5,4.5,GNB,4.5
92,Guinea-Bissau,0.0,6.5,6.5,6.5,6.3,6.3,6.3,6.3,6.2,6.2,6.2,6.1,GNB,6.4
93,Guinea-Bissau,0.0,6.5,6.5,6.5,6.3,6.3,6.3,6.3,6.2,6.2,6.2,6.1,GNB,6.4
94,Guinea-Bissau,0.0,6.5,6.5,6.5,6.3,6.3,6.3,6.3,6.2,6.2,6.2,6.1,GNB,6.4
95,Guyana,0.0,12.1,13.1,11.8,10.9,10.8,11.1,11.2,11.7,11.9,11.9,11.8,GUY,12.5
96,Haiti,0.0,7.0,8.6,15.0,16.0,13.7,14.1,13.9,13.9,14.1,14.0,14.0,HTI,7.7
97,Honduras,0.0,3.2,3.6,4.0,4.1,4.3,3.8,4.1,5.5,4.6,4.7,4.5,HND,4.6
98,"Hong Kong, China (SAR)",0.0,3.2,4.9,5.6,4.3,3.4,3.3,3.4,3.3,3.3,3.4,3.2,0,1.8
99,Hungary,0.0,10.2,6.6,7.2,11.2,11.0,11.0,10.2,7.7,6.8,5.1,4.3,HUN,9.8
100,Iceland,0.0,5.2,1.9,2.6,7.6,7.0,6.0,5.4,4.9,4.0,3.0,2.9,ISL,2.6
101,India,0.0,3.7,4.3,4.4,3.5,3.5,3.6,3.5,3.4,3.5,3.5,3.5,IND,3.8
102,Indonesia,0.0,3.8,6.1,7.7,5.6,5.2,4.5,4.3,4.1,4.5,4.1,4.3,IDN,2.6
103,Iran (Islamic Republic of),0.0,9.0,14.6,12.1,13.5,12.3,12.2,10.4,10.6,11.1,12.4,13.1,IRN,11.1
104,Iran (Islamic Republic of),0.0,9.0,14.6,12.1,13.5,12.3,12.2,10.4,10.6,11.1,12.4,13.1,IRN,11.1
105,Iraq,0.0,17.7,18.0,18.0,11.2,8.0,8.2,7.9,7.6,7.7,8.0,8.2,IRQ,17.6
106,Iraq,0.0,17.7,18.0,18.0,11.2,8.0,8.2,7.9,7.6,7.7,8.0,8.2,IRQ,17.6
107,Iraq,0.0,17.7,18.0,18.0,11.2,8.0,8.2,7.9,7.6,7.7,8.0,8.2,IRQ,17.6
108,Iraq,0.0,17.7,18.0,18.0,11.2,8.0,8.2,7.9,7.6,7.7,8.0,8.2,IRQ,17.6
109,Iraq,0.0,17.7,18.0,18.0,11.2,8.0,8.2,7.9,7.6,7.7,8.0,8.2,IRQ,17.6
110,Iraq,0.0,17.7,18.0,18.0,11.2,8.0,8.2,7.9,7.6,7.7,8.0,8.2,IRQ,17.6
111,Ireland,0.0,12.0,4.3,4.3,13.9,14.6,14.7,13.0,11.3,9.4,7.9,6.4,IRL,15.8
112,Israel,0.0,8.8,11.1,11.3,8.5,7.1,6.9,6.2,5.9,5.3,4.8,4.3,ISR,13.4
113,Italy,0.0,11.7,10.8,7.7,8.4,8.4,10.7,12.2,12.7,11.9,11.7,11.3,ITA,10.1
114,Jamaica,0.0,16.2,15.5,10.9,12.4,12.7,13.9,15.3,13.7,13.5,13.2,12.5,JAM,15.7
115,Japan,0.0,3.2,4.7,4.4,5.1,4.6,4.4,4.0,3.6,3.3,3.1,2.8,JPN,2.1
116,Jordan,0.0,14.6,13.7,14.8,12.5,12.9,12.2,12.6,11.9,13.1,15.3,14.9,JOR,19.9
117,Kazakhstan,0.0,11.0,12.8,8.1,5.8,5.4,5.3,5.2,5.1,4.9,5.0,4.9,KAZ,1.1
118,Kazakhstan,0.0,11.0,12.8,8.1,5.8,5.4,5.3,5.2,5.1,4.9,5.0,4.9,KAZ,1.1
119,Kazakhstan,0.0,11.0,12.8,8.1,5.8,5.4,5.3,5.2,5.1,4.9,5.0,4.9,KAZ,1.1
120,Kazakhstan,0.0,11.0,12.8,8.1,5.8,5.4,5.3,5.2,5.1,4.9,5.0,4.9,KAZ,1.1
121,Kenya,0.0,10.1,10.1,10.5,12.1,12.0,11.9,11.8,11.7,11.6,11.5,11.5,KEN,10.2
122,Korea (Democratic People's Rep. of),0.0,7.4,4.5,4.5,4.6,4.5,4.5,4.5,4.5,4.5,4.7,4.8,PRK,8.1
123,Korea (Republic of),0.0,2.1,4.4,3.7,3.7,3.4,3.2,3.1,3.5,3.6,3.7,3.8,KOR,2.4
124,Kuwait,0.0,2.1,0.8,2.0,1.8,3.6,2.7,2.6,2.9,2.2,2.1,2.1,KWT,0.7
125,Kyrgyzstan,0.0,5.5,7.5,8.1,8.6,8.5,8.4,8.3,8.1,7.6,7.2,7.3,KGZ,5.5
126,Lao People's Democratic Republic,0.0,2.6,1.8,1.4,0.7,0.7,0.7,0.7,0.7,0.7,0.7,0.7,LAO,2.6
127,Latvia,0.0,20.2,14.2,10.0,19.5,16.2,15.1,11.9,10.9,9.9,9.6,9.1,LVA,20.0
128,Lebanon,0.0,8.6,7.8,8.1,6.3,6.1,6.2,6.2,6.2,6.2,6.2,6.3,LBN,9.1
129,Lesotho,0.0,41.6,23.0,37.2,25.9,28.2,23.2,24.6,24.8,27.0,27.8,27.3,LSO,36.4
130,Liberia,0.0,5.7,5.6,5.6,2.3,2.3,2.3,2.3,2.3,2.3,2.3,2.4,LBR,5.6
131,Libya,0.0,18.7,19.8,20.0,18.6,15.8,19.0,18.7,18.5,18.4,18.4,17.7,LBY,20.2
132,Lithuania,0.0,17.5,15.9,8.3,17.8,15.4,13.4,11.8,10.7,9.1,7.9,7.1,LTU,17.6
133,Luxembourg,0.0,2.9,2.4,4.5,4.4,4.9,5.1,5.9,5.9,6.7,6.3,5.7,LUX,1.5
134,Madagascar,0.0,5.8,5.8,2.3,3.8,2.3,0.6,0.9,1.2,1.8,1.8,1.8,MDG,5.8
135,Malawi,0.0,7.7,7.7,7.8,6.7,6.5,6.3,6.0,5.9,5.9,6.0,6.0,MWI,7.7
136,Malaysia,0.0,3.1,3.0,3.5,3.3,3.1,3.0,3.1,2.9,3.1,3.4,3.4,MYS,3.8
137,Maldives,0.0,0.8,2.0,3.8,4.6,4.7,5.1,5.0,5.2,5.1,5.0,5.0,MDV,0.8
138,Mali,0.0,3.1,5.5,9.5,8.1,6.9,7.1,7.3,6.4,7.7,7.8,7.9,MLI,3.1
139,Malta,0.0,6.1,6.3,6.9,6.9,6.4,6.3,6.4,5.8,5.4,4.7,4.3,MLT,6.4
140,Mauritania,0.0,10.8,10.7,10.4,10.2,10.2,10.1,10.1,10.0,10.0,10.1,10.2,MRT,9.8
141,Mauritius,0.0,9.6,5.4,9.6,7.7,7.9,8.2,8.0,7.7,7.9,7.3,7.2,MUS,10.1
142,Mexico,0.0,6.9,2.6,3.6,5.3,5.2,4.9,4.9,4.8,4.3,3.9,3.5,MEX,3.1
143,Moldova (Republic of),0.0,8.5,8.5,7.3,7.5,6.7,5.6,5.1,3.9,3.7,4.2,4.5,MDA,8.5
144,Mongolia,0.0,5.5,4.6,3.3,6.6,4.8,3.9,4.2,4.8,4.9,7.2,7.0,MNG,9.6
145,Montenegro,0.0,30.3,29.8,30.3,19.7,19.7,19.7,19.5,18.0,17.5,17.7,16.0,MNE,29.5
146,Morocco,0.0,22.9,13.6,11.0,9.1,8.9,9.0,9.2,9.7,9.7,9.4,9.3,MAR,17.3
147,Mozambique,0.0,22.2,21.9,21.7,22.2,22.3,22.6,23.3,25.3,25.3,25.2,25.0,MOZ,25.1
148,Myanmar,0.0,0.9,0.9,0.9,0.8,0.8,0.8,0.8,0.8,0.8,0.8,0.8,MMR,0.9
149,Namibia,0.0,19.1,20.3,22.2,22.1,20.8,16.8,19.0,18.5,19.6,23.4,23.3,NAM,19.1
150,Nepal,0.0,4.6,1.8,1.5,2.1,2.5,2.9,3.3,3.0,3.1,3.1,2.7,NPL,4.4
151,Netherlands,0.0,7.2,2.7,4.7,4.5,5.0,5.8,7.2,7.4,6.9,6.0,4.9,NLD,7.3
152,New Zealand,0.0,6.5,6.1,3.8,6.1,6.0,6.4,5.8,5.4,5.4,5.1,4.9,NZL,10.6
153,Nicaragua,0.0,16.6,9.8,5.6,7.8,7.2,6.5,5.3,4.5,4.5,4.5,4.4,NIC,14.5
154,Niger,0.0,5.1,2.1,3.1,0.9,0.3,0.3,0.3,0.3,0.3,0.3,0.3,NER,5.0
155,Nigeria,0.0,4.4,4.4,4.3,3.9,3.8,3.8,3.7,4.6,4.3,7.1,7.0,NGA,5.3
156,Norway,0.0,6.3,3.5,4.4,3.5,3.2,3.1,3.4,3.5,4.3,4.7,4.2,NOR,5.4
157,Oman,0.0,16.8,19.8,19.2,18.3,17.9,17.9,17.1,16.4,15.8,15.8,16.0,OMN,18.5
158,Pakistan,0.0,5.0,7.2,7.7,0.7,0.8,1.8,3.0,1.8,3.6,3.8,4.0,PAK,5.9
159,"Palestine, State of",0.0,24.3,14.2,23.5,23.7,20.9,23.0,23.4,27.0,25.9,27.0,27.9,0,24.1
160,Panama,0.0,14.0,13.5,10.3,6.5,4.5,4.1,4.1,4.8,4.5,5.5,5.6,PAN,16.1
161,Papua New Guinea,0.0,2.9,2.9,2.5,2.0,2.6,2.6,2.6,2.7,2.6,2.6,2.7,PNG,3.0
162,Paraguay,0.0,3.4,7.6,5.8,4.6,4.7,4.1,4.4,5.0,4.6,5.3,5.8,PRY,5.1
163,Peru,0.0,5.2,5.8,4.9,3.5,3.4,3.1,3.2,3.0,3.0,3.5,3.7,PER,6.0
164,Philippines,0.0,3.8,3.7,3.8,3.6,3.6,3.5,3.5,3.6,3.0,2.7,2.8,PHL,3.8
165,Poland,0.0,13.3,16.3,17.8,9.6,9.6,10.1,10.3,9.0,7.5,6.2,5.0,POL,13.0
166,Portugal,0.0,7.1,3.8,7.6,10.8,12.7,15.5,16.2,13.9,12.4,11.1,9.0,PRT,3.9
167,Qatar,0.0,3.6,4.9,1.6,0.4,0.6,0.5,0.3,0.2,0.2,0.2,0.2,QAT,3.9
168,Romania,0.0,8.0,7.0,7.2,7.0,7.2,6.8,7.1,6.8,6.8,5.9,5.2,ROU,8.1
169,Russian Federation,0.0,9.7,10.6,7.2,7.4,6.5,5.4,5.5,5.2,5.6,5.5,5.2,RUS,5.7
170,Russian Federation,0.0,9.7,10.6,7.2,7.4,6.5,5.4,5.5,5.2,5.6,5.5,5.2,RUS,5.7
171,Russian Federation,0.0,9.7,10.6,7.2,7.4,6.5,5.4,5.5,5.2,5.6,5.5,5.2,RUS,5.7
172,Russian Federation,0.0,9.7,10.6,7.2,7.4,6.5,5.4,5.5,5.2,5.6,5.5,5.2,RUS,5.7
173,Rwanda,0.0,0.5,0.8,1.7,3.0,3.3,3.4,2.3,1.2,1.2,1.2,1.3,RWA,0.3
174,Saint Lucia,0.0,16.3,16.5,18.7,20.6,18.9,19.1,22.2,22.7,24.1,21.3,21.0,LCA,17.8
175,Saint Vincent and the Grenadines,0.0,18.9,19.6,18.9,18.8,18.5,18.2,17.9,18.2,18.0,18.2,18.3,VCT,19.8
176,Samoa,0.0,3.2,4.4,2.1,4.8,5.7,8.8,8.8,8.7,8.8,8.5,8.2,WSM,2.1
177,Sao Tome and Principe,0.0,14.3,14.4,16.5,14.6,14.0,13.6,13.5,13.4,13.3,13.4,13.4,STP,14.4
178,Saudi Arabia,0.0,4.5,4.6,6.1,5.6,5.8,5.5,5.6,5.7,5.6,5.9,5.7,SAU,7.9
179,Senegal,0.0,5.7,5.7,9.0,10.2,10.4,9.0,7.7,6.4,4.9,4.9,4.9,SEN,5.7
180,Serbia,0.0,13.4,12.6,20.9,19.2,23.0,24.0,22.2,19.2,17.9,15.3,14.1,SRB,12.6
181,Sierra Leone,0.0,3.4,3.4,3.6,4.3,4.4,4.5,4.6,4.7,4.7,4.6,4.5,SLE,3.4
182,Singapore,0.0,3.3,3.7,5.6,3.2,3.0,2.9,2.8,2.8,1.7,1.8,2.0,SGP,2.2
183,Slovakia,0.0,13.1,19.1,16.3,14.4,13.6,14.0,14.2,13.2,11.5,9.7,7.9,SVK,12.2
184,Slovenia,0.0,7.2,6.9,6.5,7.2,8.2,8.8,10.1,9.7,9.0,8.0,6.9,SVN,7.1
185,Solomon Islands,0.0,2.3,2.1,2.2,2.1,2.1,2.0,2.0,2.0,2.0,2.0,2.1,SLB,2.3
186,Somalia,0.0,5.9,5.9,5.9,6.0,6.0,6.0,6.1,6.1,6.1,6.0,6.0,SOM,5.9
187,South Africa,0.0,16.9,23.3,23.8,24.7,24.7,24.7,24.6,24.9,25.2,26.6,27.7,ZAF,29.4
188,South Sudan,0.0,12.3,12.0,12.2,12.1,11.7,11.3,12.9,12.2,12.0,11.5,11.5,SSD,12.0
189,Spain,0.0,22.7,13.8,9.2,19.9,21.4,24.8,26.1,24.4,22.1,19.6,17.4,ESP,15.9
190,Sri Lanka,0.0,12.3,7.7,7.7,4.9,4.1,3.9,4.4,4.4,4.7,4.4,4.1,LKA,14.7
191,Sudan,0.0,13.8,13.9,13.0,12.9,12.7,12.7,13.0,12.8,12.9,12.8,12.8,SDN,14.1
192,Suriname,0.0,8.4,12.8,9.8,7.6,6.9,6.3,4.8,6.9,7.2,8.2,8.1,SUR,21.6
193,Sweden,0.0,8.9,5.5,7.7,8.6,7.8,8.0,8.0,7.9,7.4,7.0,6.8,SWE,3.2
194,Switzerland,0.0,3.3,2.7,4.4,4.8,4.4,4.5,4.8,4.8,4.8,4.9,4.8,CHE,1.8
195,Syrian Arab Republic,0.0,7.2,2.3,9.9,8.6,14.9,14.5,14.4,14.4,14.6,15.0,15.2,SYR,6.8
196,Tajikistan,0.0,7.5,11.3,11.2,11.7,11.2,10.8,10.6,10.5,10.4,10.3,10.3,TJK,7.6
197,Tanzania (United Republic of),0.0,4.1,4.8,4.4,3.0,3.5,3.2,2.9,2.1,2.1,2.2,2.2,TZA,3.6
198,Thailand,0.0,1.1,2.4,1.4,0.6,0.7,0.6,0.5,0.6,0.6,0.9,1.1,THA,2.7
199,The former Yugoslav Republic of Macedonia,0.0,35.5,32.2,37.3,32.0,31.4,31.0,29.0,28.0,26.1,23.7,23.0,0,36.0
200,Timor-Leste,0.0,9.7,9.9,7.2,3.3,3.3,3.2,3.2,3.3,3.3,3.4,3.4,TLS,10.5
201,Togo,0.0,1.9,1.9,1.9,1.9,1.9,1.9,1.9,1.9,1.8,1.8,1.8,TGO,1.9
202,Tonga,0.0,2.1,4.2,3.0,1.1,1.1,1.1,1.1,1.1,1.1,1.1,1.2,TON,1.4
203,Trinidad and Tobago,0.0,17.2,12.1,8.0,5.9,4.7,5.0,3.6,3.3,3.4,4.4,4.8,TTO,18.5
204,Tunisia,0.0,16.1,15.7,12.9,13.1,18.3,17.6,15.9,15.1,15.2,15.5,15.2,TUN,16.6
205,Turkey,0.0,7.6,6.5,10.6,10.7,8.8,8.2,8.7,9.9,10.2,10.8,11.3,TUR,8.2
206,Turkey,0.0,7.6,6.5,10.6,10.7,8.8,8.2,8.7,9.9,10.2,10.8,11.3,TUR,8.2
207,Turkey,0.0,7.6,6.5,10.6,10.7,8.8,8.2,8.7,9.9,10.2,10.8,11.3,TUR,8.2
208,Turkey,0.0,7.6,6.5,10.6,10.7,8.8,8.2,8.7,9.9,10.2,10.8,11.3,TUR,8.2
209,Turkmenistan,0.0,2.8,3.9,3.8,4.0,3.8,3.7,3.6,3.6,3.6,3.5,3.4,TKM,2.8
210,Uganda,0.0,1.7,3.0,1.9,4.0,3.9,3.6,1.9,1.9,1.9,2.0,2.1,UGA,0.9
211,Ukraine,0.0,5.6,11.6,7.2,8.1,7.9,7.5,7.2,9.3,9.1,9.4,9.5,UKR,5.8
212,United Arab Emirates,0.0,1.8,2.3,3.1,3.8,3.5,3.2,2.8,2.4,2.1,1.6,1.7,ARE,1.8
213,United Kingdom,0.0,8.7,5.6,4.8,7.8,8.0,7.9,7.5,6.1,5.3,4.8,4.3,GBR,8.6
214,United States,0.0,5.6,4.0,5.1,9.6,9.0,8.1,7.4,6.2,5.3,4.9,4.4,USA,6.8
215,Uruguay,0.0,10.0,13.3,12.2,7.2,6.3,6.5,6.4,6.6,7.5,7.8,8.1,URY,9.0
216,Uzbekistan,0.0,6.5,8.3,8.3,8.2,8.2,8.1,8.1,8.0,7.9,7.5,7.2,UZB,6.6
217,Vanuatu,0.0,5.5,5.6,5.6,5.4,5.4,5.3,5.3,5.3,5.3,5.3,5.2,VUT,5.5
218,Venezuela (Bolivarian Republic of),0.0,10.2,13.2,11.4,8.5,7.8,7.4,7.8,7.0,6.8,7.9,8.1,VEN,9.5
219,Viet Nam,0.0,2.0,2.3,2.3,2.6,2.0,1.8,2.0,1.9,2.1,2.1,2.1,VNM,2.0
220,Yemen,0.0,8.9,12.8,16.1,17.8,15.4,15.0,14.3,13.5,13.1,13.5,13.8,YEM,8.6
221,Zambia,0.0,17.3,12.9,10.4,13.2,10.0,7.9,7.8,7.8,7.8,7.8,7.8,ZMB,18.9
222,Zimbabwe,0.0,5.5,5.7,4.5,5.3,5.4,5.4,5.3,5.3,5.2,5.2,5.2,ZWE,5.0
223,Andorra,0.0,0.0,0.0,0.0,0.0,0.0,0.0,0.0,0.0,0.0,0.0,0.0,AND,0.0
224,Antigua and Barbuda,0.0,0.0,0.0,0.0,0.0,0.0,0.0,0.0,0.0,0.0,0.0,0.0,ATG,0.0
225,Dominica,0.0,0.0,0.0,0.0,0.0,0.0,0.0,0.0,0.0,0.0,0.0,0.0,DMA,0.0
226,Grenada,0.0,0.0,0.0,0.0,0.0,0.0,0.0,0.0,0.0,0.0,0.0,0.0,GRD,0.0
227,Kiribati,0.0,0.0,0.0,0.0,0.0,0.0,0.0,0.0,0.0,0.0,0.0,0.0,KIR,0.0
228,Liechtenstein,0.0,0.0,0.0,0.0,0.0,0.0,0.0,0.0,0.0,0.0,0.0,0.0,LIE,0.0
229,Marshall Islands,0.0,0.0,0.0,0.0,0.0,0.0,0.0,0.0,0.0,0.0,0.0,0.0,MHL,0.0
230,Micronesia (Federated States of),0.0,0.0,0.0,0.0,0.0,0.0,0.0,0.0,0.0,0.0,0.0,0.0,FSM,0.0
231,Monaco,0.0,0.0,0.0,0.0,0.0,0.0,0.0,0.0,0.0,0.0,0.0,0.0,MCO,0.0
232,Nauru,0.0,0.0,0.0,0.0,0.0,0.0,0.0,0.0,0.0,0.0,0.0,0.0,NRU,0.0
233,Palau,0.0,0.0,0.0,0.0,0.0,0.0,0.0,0.0,0.0,0.0,0.0,0.0,PLW,0.0
234,Saint Kitts and Nevis,0.0,0.0,0.0,0.0,0.0,0.0,0.0,0.0,0.0,0.0,0.0,0.0,KNA,0.0
235,San Marino,0.0,0.0,0.0,0.0,0.0,0.0,0.0,0.0,0.0,0.0,0.0,0.0,SMR,0.0
236,Seychelles,0.0,0.0,0.0,0.0,0.0,0.0,0.0,0.0,0.0,0.0,0.0,0.0,SYC,0.0
237,Tuvalu,0.0,0.0,0.0,0.0,0.0,0.0,0.0,0.0,0.0,0.0,0.0,0.0,TUV,0.0
0,Albania,0.0,0.0,0.0,0.0,29.5,30.0,27.6,31.0,34.5,32.8,0.0,0.0,ALB,0.0
1,Algeria,0.0,0.0,0.0,0.0,24.5,26.0,22.7,21.5,22.8,21.2,0.0,0.0,DZA,0.0
2,Angola,0.0,0.0,0.0,0.0,0.0,10.0,0.0,0.0,0.0,0.0,0.0,0.0,AGO,0.0
3,Argentina,0.0,0.0,0.0,19.9,19.5,18.4,18.4,19.1,19.7,0.0,0.0,0.0,ARG,0.0
4,Armenia,0.0,0.0,0.0,0.0,0.0,42.1,40.0,40.9,38.0,35.6,36.6,0.0,ARM,0.0
5,Armenia,0.0,0.0,0.0,0.0,0.0,42.1,40.0,40.9,38.0,35.6,36.6,0.0,ARM,0.0
6,Armenia,0.0,0.0,0.0,0.0,0.0,42.1,40.0,40.9,38.0,35.6,36.6,0.0,ARM,0.0
7,Armenia,0.0,0.0,0.0,0.0,0.0,42.1,40.0,40.9,38.0,35.6,36.6,0.0,ARM,0.0
8,Australia,0.0,0.0,0.0,0.0,11.3,10.6,9.9,11.0,10.1,9.8,8.7,0.0,AUS,0.0
9,Austria,0.0,0.0,0.0,8.6,7.4,7.3,6.8,7.3,7.7,7.5,7.7,0.0,AUT,0.0
10,Bangladesh,0.0,0.0,0.0,31.0,30.1,0.0,0.0,20.2,0.0,0.0,28.9,0.0,BGD,0.0
11,Belgium,0.0,0.0,0.0,13.0,10.9,11.8,12.3,12.7,12.1,12.2,9.9,0.0,BEL,0.0
12,Belize,0.0,0.0,0.0,0.0,19.0,0.0,11.9,0.0,0.0,8.4,22.4,0.0,BLZ,0.0
13,Benin,0.0,0.0,0.0,0.0,3.5,17.2,20.0,0.0,0.0,0.0,0.0,0.0,BEN,0.0
14,Bolivia (Plurinational State of),0.0,0.0,0.0,12.1,0.0,10.8,10.4,10.4,11.2,14.6,10.9,0.0,BOL,0.0
15,Bosnia and Herzegovina,0.0,0.0,0.0,0.0,0.0,0.0,0.0,0.0,26.1,27.7,26.4,0.0,BIH,0.0
16,Brazil,0.0,0.0,0.0,0.0,0.0,19.0,20.0,20.4,20.1,21.5,23.2,24.8,BRA,0.0
17,Brunei Darussalam,0.0,0.0,0.0,0.0,0.0,0.0,0.0,0.0,17.2,0.0,0.0,0.0,BRN,0.0
18,Bulgaria,0.0,0.0,0.0,25.1,21.0,21.8,21.5,21.6,20.2,19.3,18.2,0.0,BGR,0.0
19,Burundi,0.0,0.0,0.0,0.0,0.0,0.0,0.0,0.0,6.2,0.0,0.0,0.0,BDI,0.0
20,Cambodia,0.0,0.0,0.0,0.0,0.0,0.0,12.7,0.0,0.0,0.0,0.0,0.0,KHM,0.0
21,Cameroon,0.0,0.0,0.0,0.0,10.8,0.0,0.0,0.0,0.0,0.0,0.0,0.0,CMR,0.0
22,Canada,0.0,0.0,0.0,10.7,11.1,10.6,10.0,9.6,10.3,10.3,10.2,0.0,CAN,0.0
23,Chile,0.0,0.0,0.0,0.0,11.7,11.7,11.7,11.8,12.3,0.0,0.0,0.0,CHL,0.0
24,Colombia,0.0,0.0,0.0,24.3,23.6,23.4,22.5,22.1,21.4,20.9,21.0,21.9,COL,0.0
25,Congo,0.0,0.0,0.0,26.5,0.0,0.0,0.0,0.0,0.0,0.0,0.0,0.0,COG,0.0
26,Congo,0.0,0.0,0.0,26.5,0.0,0.0,0.0,0.0,0.0,0.0,0.0,0.0,COD,0.0
27,Congo,0.0,0.0,0.0,26.5,0.0,0.0,0.0,0.0,0.0,0.0,0.0,0.0,COD,0.0
28,Congo (Democratic Republic of the),0.0,0.0,0.0,18.4,0.0,0.0,21.4,0.0,0.0,0.0,0.0,0.0,COD,0.0
29,Congo (Democratic Republic of the),0.0,0.0,0.0,18.4,0.0,0.0,21.4,0.0,0.0,0.0,0.0,0.0,COD,0.0
30,Costa Rica,0.0,0.0,0.0,0.0,19.4,21.4,17.8,18.2,18.6,18.9,20.7,20.1,CRI,0.0
31,Croatia,0.0,0.0,0.0,16.7,15.7,16.2,16.6,19.6,19.3,18.1,16.9,0.0,HRV,0.0
32,Cyprus,0.0,0.0,0.0,19.5,11.7,14.6,16.0,18.7,17.0,15.3,16.0,0.0,CYP,0.0
33,Cyprus,0.0,0.0,0.0,19.5,11.7,14.6,16.0,18.7,17.0,15.3,16.0,0.0,CYP,0.0
34,Cyprus,0.0,0.0,0.0,19.5,11.7,14.6,16.0,18.7,17.0,15.3,16.0,0.0,CYP,0.0
35,Cyprus,0.0,0.0,0.0,19.5,11.7,14.6,16.0,18.7,17.0,15.3,16.0,0.0,CYP,0.0
36,Czechia,0.0,0.0,0.0,13.3,8.8,8.3,8.9,9.1,8.1,7.5,7.0,0.0,CZE,0.0
37,Côte d'Ivoire,0.0,0.0,0.0,0.0,0.0,0.0,12.7,10.2,0.0,0.0,36.0,0.0,CIV,0.0
38,Denmark,0.0,0.0,0.0,4.3,6.0,6.3,6.6,6.0,5.8,6.2,5.8,0.0,DNK,0.0
39,Dominican Republic,0.0,0.0,0.0,20.6,21.1,20.0,20.8,21.1,19.7,25.2,25.4,0.0,DOM,0.0
40,Dominican Republic,0.0,0.0,0.0,20.6,21.1,20.0,20.8,21.1,19.7,25.2,25.4,0.0,DOM,0.0
41,Dominican Republic,0.0,0.0,0.0,20.6,21.1,20.0,20.8,21.1,19.7,25.2,25.4,0.0,DOM,0.0
42,Ecuador,0.0,0.0,0.0,0.0,15.7,16.4,16.6,17.4,20.2,19.8,18.4,17.6,ECU,0.0
43,Egypt,0.0,0.0,0.0,0.0,0.0,32.1,31.6,28.4,0.0,27.6,27.6,0.0,EGY,0.0
44,El Salvador,0.0,0.0,0.0,0.0,28.7,27.3,27.2,26.7,29.5,29.9,0.0,0.0,SLV,0.0
45,Estonia,0.0,0.0,0.0,10.9,14.0,11.6,12.2,11.3,11.7,10.8,9.1,0.0,EST,0.0
46,Ethiopia,0.0,0.0,0.0,0.0,0.0,1.3,1.1,10.5,0.0,0.0,0.0,0.0,GNB,0.0
47,Ethiopia,0.0,0.0,0.0,0.0,0.0,1.3,1.1,10.5,0.0,0.0,0.0,0.0,GNB,0.0
48,Ethiopia,0.0,0.0,0.0,0.0,0.0,1.3,1.1,10.5,0.0,0.0,0.0,0.0,GNB,0.0
49,Fiji,0.0,0.0,0.0,20.6,0.0,18.4,0.0,0.0,19.1,0.0,20.1,0.0,HKG,0.0
50,Fiji,0.0,0.0,0.0,20.6,0.0,18.4,0.0,0.0,19.1,0.0,20.1,0.0,HKG,0.0
51,Finland,0.0,0.0,0.0,8.1,9.0,8.4,8.6,9.3,10.2,10.6,9.9,0.0,IRN,0.0
52,Finland,0.0,0.0,0.0,8.1,9.0,8.4,8.6,9.3,10.2,10.6,9.9,0.0,IRN,0.0
53,France,0.0,0.0,0.0,11.2,12.7,12.3,12.5,11.2,11.4,11.9,11.8,0.0,IRQ,0.0
54,France,0.0,0.0,0.0,11.2,12.7,12.3,12.5,11.2,11.4,11.9,11.8,0.0,IRQ,0.0
55,France,0.0,0.0,0.0,11.2,12.7,12.3,12.5,11.2,11.4,11.9,11.8,0.0,IRQ,0.0
56,Gambia,0.0,0.0,0.0,0.0,0.0,0.0,34.0,0.0,0.0,0.0,0.0,0.0,GMB,0.0
57,Germany,0.0,0.0,0.0,11.3,8.3,7.5,7.1,6.3,6.4,6.2,6.7,0.0,DEU,0.0
58,Ghana,0.0,0.0,0.0,0.0,0.0,0.0,0.0,11.1,0.0,25.5,0.0,0.0,GHA,0.0
59,Greece,0.0,0.0,0.0,20.8,14.8,17.4,20.2,20.4,19.1,17.2,15.8,0.0,GRC,0.0
60,Guatemala,0.0,0.0,0.0,0.0,24.4,24.8,22.5,26.9,26.4,26.4,27.3,0.0,GTM,0.0
61,Guyana,0.0,0.0,0.0,0.0,0.0,0.0,0.0,0.0,0.0,0.0,0.0,35.2,GUY,0.0
62,Honduras,0.0,0.0,0.0,27.0,26.2,27.5,28.7,26.8,28.7,27.0,27.8,0.0,HND,0.0
63,"Hong Kong, China (SAR)",0.0,0.0,0.0,0.0,7.0,6.2,6.1,6.7,6.6,6.6,6.1,0.0,0,0.0
64,Hungary,0.0,0.0,0.0,18.8,12.6,13.2,14.8,15.5,13.6,11.6,11.1,0.0,HUN,0.0
65,Iceland,0.0,0.0,0.0,4.7,7.3,6.7,5.9,5.5,5.7,4.5,4.1,0.0,ISL,0.0
66,India,0.0,0.0,0.0,30.4,27.9,0.0,27.5,0.0,0.0,0.0,0.0,0.0,IND,0.0
67,Indonesia,0.0,0.0,0.0,31.9,26.6,25.9,22.9,22.9,22.4,22.9,22.5,21.4,IDN,0.0
68,Iran (Islamic Republic of),0.0,0.0,0.0,0.0,34.4,0.0,0.0,0.0,0.0,0.0,0.0,0.0,IRN,0.0
69,Iran (Islamic Republic of),0.0,0.0,0.0,0.0,34.4,0.0,0.0,0.0,0.0,0.0,0.0,0.0,IRN,0.0
70,Iraq,0.0,0.0,0.0,0.0,0.0,0.0,40.6,0.0,0.0,0.0,0.0,0.0,IRQ,0.0
71,Iraq,0.0,0.0,0.0,0.0,0.0,0.0,40.6,0.0,0.0,0.0,0.0,0.0,IRQ,0.0
72,Iraq,0.0,0.0,0.0,0.0,0.0,0.0,40.6,0.0,0.0,0.0,0.0,0.0,IRQ,0.0
73,Iraq,0.0,0.0,0.0,0.0,0.0,0.0,40.6,0.0,0.0,0.0,0.0,0.0,IRQ,0.0
74,Iraq,0.0,0.0,0.0,0.0,0.0,0.0,40.6,0.0,0.0,0.0,0.0,0.0,IRQ,0.0
75,Iraq,0.0,0.0,0.0,0.0,0.0,0.0,40.6,0.0,0.0,0.0,0.0,0.0,IRQ,0.0
76,Ireland,0.0,0.0,0.0,15.1,19.4,19.2,19.2,16.4,15.3,14.3,12.5,0.0,IRL,0.0
77,Israel,0.0,0.0,0.0,0.0,30.4,31.6,16.7,15.7,15.6,15.5,14.9,0.0,ISR,0.0
78,Italy,0.0,0.0,0.0,17.1,19.0,19.6,20.9,22.1,22.0,21.3,19.8,0.0,ITA,0.0
79,Japan,0.0,0.0,0.0,0.0,4.3,0.0,4.2,3.9,3.7,3.6,3.5,0.0,JPN,0.0
80,Kazakhstan,0.0,0.0,0.0,12.8,8.2,7.8,8.0,8.0,8.8,8.5,9.5,0.0,KAZ,0.0
81,Kazakhstan,0.0,0.0,0.0,12.8,8.2,7.8,8.0,8.0,8.8,8.5,9.5,0.0,KAZ,0.0
82,Kazakhstan,0.0,0.0,0.0,12.8,8.2,7.8,8.0,8.0,8.8,8.5,9.5,0.0,KAZ,0.0
83,Kazakhstan,0.0,0.0,0.0,12.8,8.2,7.8,8.0,8.0,8.8,8.5,9.5,0.0,KAZ,0.0
84,Kyrgyzstan,0.0,0.0,0.0,0.0,18.5,60.5,62.5,21.2,20.7,21.4,20.4,0.0,KGZ,0.0
85,Lao People's Democratic Republic,0.0,0.0,0.0,0.0,5.1,0.0,0.0,0.0,0.0,0.0,0.0,0.0,LAO,0.0
86,Latvia,0.0,0.0,0.0,10.9,17.8,16.0,14.9,13.0,12.0,10.5,11.2,0.0,LVA,0.0
87,Liberia,0.0,0.0,0.0,0.0,24.3,0.0,0.0,0.0,0.0,0.0,0.0,0.0,LBR,0.0
88,Lithuania,0.0,0.0,0.0,8.8,13.2,11.8,11.2,11.1,9.9,9.2,9.4,0.0,LTU,0.0
89,Luxembourg,0.0,0.0,0.0,5.5,5.1,4.7,5.9,5.0,6.3,6.2,5.4,0.0,LUX,0.0
90,Madagascar,0.0,0.0,0.0,0.0,0.0,0.0,3.8,0.0,0.0,0.0,0.0,0.0,MDG,0.0
91,Malaysia,0.0,0.0,0.0,0.0,0.0,14.4,13.9,13.7,12.8,0.0,11.7,0.0,MYS,0.0
92,Maldives,0.0,0.0,0.0,0.0,56.4,0.0,0.0,0.0,20.5,0.0,0.0,0.0,MDV,0.0
93,Mali,0.0,0.0,0.0,0.0,13.5,0.0,0.0,0.0,21.3,24.9,0.0,0.0,MLI,0.0
94,Malta,0.0,0.0,0.0,11.9,9.5,10.2,10.6,9.9,10.5,10.3,8.5,0.0,MLT,0.0
95,Mauritania,0.0,0.0,0.0,0.0,0.0,0.0,39.5,0.0,0.0,0.0,0.0,0.0,MRT,0.0
96,Mexico,0.0,0.0,0.0,21.5,22.2,21.8,21.1,20.5,20.3,19.8,19.6,18.7,MEX,0.0
97,Moldova (Republic of),0.0,0.0,0.0,0.0,28.2,29.2,29.3,28.6,30.9,27.8,0.0,0.0,MDA,0.0
98,Mongolia,0.0,0.0,0.0,0.0,17.6,16.5,17.6,18.4,17.4,16.8,20.4,0.0,MNG,0.0
99,Montenegro,0.0,0.0,0.0,0.0,0.0,0.0,0.0,0.0,0.0,16.5,0.0,0.0,MNE,0.0
100,Mozambique,0.0,0.0,0.0,0.0,0.0,0.0,10.1,0.0,0.0,0.0,0.0,0.0,MOZ,0.0
101,Myanmar,0.0,0.0,0.0,0.0,0.0,0.0,0.0,0.0,0.0,18.6,0.0,0.0,MMR,0.0
102,Namibia,0.0,0.0,0.0,0.0,0.0,0.0,31.1,32.0,30.5,0.0,33.4,0.0,NAM,0.0
103,Netherlands,0.0,0.0,0.0,5.3,4.3,4.3,4.8,5.7,5.5,4.7,4.6,0.0,NLD,0.0
104,New Zealand,0.0,0.0,0.0,11.1,13.4,13.2,13.6,11.9,11.4,11.3,12.0,11.8,NZL,0.0
105,Nicaragua,0.0,0.0,0.0,0.0,0.0,0.0,15.0,0.0,1.4,0.0,0.0,0.0,NIC,0.0
106,Niger,0.0,0.0,0.0,0.0,0.0,20.0,0.0,0.0,0.0,0.0,0.0,0.0,NER,0.0
107,Nigeria,0.0,0.0,0.0,0.0,0.0,0.0,0.0,20.4,0.0,0.0,0.0,0.0,NGA,0.0
108,Norway,0.0,0.0,0.0,11.3,4.9,5.0,5.2,5.6,5.5,5.0,5.4,0.0,NOR,0.0
109,Pakistan,0.0,0.0,0.0,0.0,31.1,32.0,0.0,31.0,30.9,30.4,0.0,0.0,PAK,0.0
110,"Palestine, State of",0.0,0.0,0.0,29.8,29.1,27.3,29.9,31.3,32.1,32.1,32.3,0.0,0,0.0
111,Panama,0.0,0.0,0.0,0.0,20.9,21.0,17.6,0.0,32.6,0.0,26.3,0.0,PAN,0.0
112,Papua New Guinea,0.0,0.0,0.0,0.0,27.7,0.0,0.0,0.0,0.0,0.0,0.0,0.0,PNG,0.0
113,Paraguay,0.0,0.0,0.0,0.0,18.8,16.4,15.3,14.3,16.4,16.8,37.7,0.0,PRY,0.0
114,Peru,0.0,0.0,0.0,23.1,15.4,16.1,15.4,16.6,16.8,18.4,16.9,0.0,PER,0.0
115,Philippines,0.0,0.0,0.0,0.0,25.3,24.4,24.8,24.3,23.4,0.0,22.2,0.0,PHL,0.0
116,Poland,0.0,0.0,0.0,13.9,10.8,11.5,11.8,12.2,12.0,11.0,10.5,0.0,POL,0.0
117,Portugal,0.0,0.0,0.0,11.1,11.4,12.6,13.9,14.1,12.3,11.3,10.6,0.0,PRT,0.0
118,Qatar,0.0,0.0,0.0,0.0,0.0,0.0,0.0,0.0,0.0,0.0,0.0,0.0,QAT,0.0
119,Romania,0.0,0.0,0.0,16.8,16.6,17.5,16.8,17.0,17.0,18.1,17.4,0.0,ROU,0.0
120,Russian Federation,0.0,0.0,0.0,0.0,14.2,12.7,12.0,11.8,12.0,12.0,12.4,0.0,RUS,0.0
121,Russian Federation,0.0,0.0,0.0,0.0,14.2,12.7,12.0,11.8,12.0,12.0,12.4,0.0,RUS,0.0
122,Russian Federation,0.0,0.0,0.0,0.0,14.2,12.7,12.0,11.8,12.0,12.0,12.4,0.0,RUS,0.0
123,Russian Federation,0.0,0.0,0.0,0.0,14.2,12.7,12.0,11.8,12.0,12.0,12.4,0.0,RUS,0.0
124,Rwanda,0.0,0.0,0.0,0.0,0.0,0.0,0.0,0.0,4.7,0.0,0.0,0.0,RWA,0.0
125,Samoa,0.0,0.0,0.0,0.0,0.0,0.0,37.9,0.0,0.0,0.0,0.0,0.0,WSM,0.0
126,Saudi Arabia,0.0,0.0,0.0,0.0,0.0,20.6,18.8,18.4,18.3,16.1,0.0,0.0,SAU,0.0
127,Senegal,0.0,0.0,0.0,0.0,0.0,0.0,0.0,0.0,0.0,36.2,0.0,0.0,SEN,0.0
128,Serbia,0.0,0.0,0.0,0.0,21.2,21.6,21.6,19.8,21.0,20.1,18.1,17.6,SRB,0.0
129,Sierra Leone,0.0,0.0,0.0,0.0,0.0,0.0,0.0,0.0,10.1,0.0,0.0,0.0,SLE,0.0
130,Singapore,0.0,0.0,0.0,0.0,7.6,6.0,6.4,4.9,4.4,0.0,4.0,0.0,SGP,0.0
131,Slovakia,0.0,0.0,0.0,15.8,14.1,13.8,13.8,13.7,12.8,13.7,12.3,0.0,SVK,0.0
132,Slovenia,0.0,0.0,0.0,8.9,7.1,7.1,9.3,9.2,9.4,9.5,8.0,0.0,SVN,0.0
133,South Africa,0.0,0.0,0.0,0.0,0.0,0.0,32.2,32.0,31.3,30.5,31.2,31.1,ZAF,0.0
134,Spain,0.0,0.0,0.0,13.0,17.8,18.3,18.6,18.6,17.1,15.6,14.6,0.0,ESP,0.0
135,Sri Lanka,0.0,0.0,0.0,0.0,22.9,0.0,0.0,26.4,27.7,0.0,0.0,0.0,LKA,0.0
136,Sweden,0.0,0.0,0.0,16.0,7.7,7.5,7.9,7.5,7.2,6.8,6.5,0.0,SWE,0.0
137,Switzerland,0.0,0.0,0.0,7.2,6.8,6.8,6.8,7.3,7.4,7.4,7.0,0.0,CHE,0.0
138,Tanzania (United Republic of),0.0,0.0,0.0,9.0,0.0,0.0,0.0,0.0,14.9,0.0,0.0,0.0,TZA,0.0
139,Thailand,0.0,0.0,0.0,0.0,12.5,12.6,12.8,14.2,13.3,13.6,15.0,0.0,THA,0.0
140,The former Yugoslav Republic of Macedonia,0.0,0.0,0.0,0.0,25.5,25.2,24.8,24.2,25.1,24.7,24.3,0.0,0,0.0
141,Timor-Leste,0.0,0.0,0.0,0.0,19.0,0.0,0.0,24.3,0.0,0.0,0.0,0.0,TLS,0.0
142,Togo,0.0,0.0,0.0,0.0,0.0,11.5,0.0,0.0,0.0,0.0,0.0,0.0,TGO,0.0
143,Trinidad and Tobago,0.0,0.0,0.0,0.0,0.0,0.0,0.0,52.0,0.0,0.0,0.0,0.0,TTO,0.0
144,Turkey,0.0,0.0,0.0,0.0,32.3,29.6,28.7,25.5,24.8,23.9,23.9,0.0,TUR,0.0
145,Turkey,0.0,0.0,0.0,0.0,32.3,29.6,28.7,25.5,24.8,23.9,23.9,0.0,TUR,0.0
146,Turkey,0.0,0.0,0.0,0.0,32.3,29.6,28.7,25.5,24.8,23.9,23.9,0.0,TUR,0.0
147,Turkey,0.0,0.0,0.0,0.0,32.3,29.6,28.7,25.5,24.8,23.9,23.9,0.0,TUR,0.0
148,Uganda,0.0,0.0,0.0,8.1,0.0,0.0,14.5,5.9,0.0,0.0,0.0,0.0,UGA,0.0
149,Ukraine,0.0,0.0,0.0,0.0,0.0,0.0,0.0,0.0,20.0,17.6,18.3,0.0,UKR,0.0
150,United Kingdom,0.0,0.0,0.0,8.4,13.6,14.3,13.9,13.2,11.9,11.1,10.9,0.0,GBR,0.0
151,United States,0.0,0.0,0.0,0.0,17.6,17.1,16.5,0.0,0.0,0.0,0.0,0.0,USA,0.0
152,Uruguay,0.0,0.0,0.0,19.3,18.1,17.2,17.7,18.0,18.1,18.7,18.7,0.0,URY,0.0
153,Venezuela (Bolivarian Republic of),0.0,0.0,0.0,0.0,19.2,0.0,0.0,0.0,0.0,0.0,0.0,0.0,VEN,0.0
154,Viet Nam,0.0,0.0,0.0,0.0,0.0,0.0,9.4,10.0,9.7,0.6,0.6,0.0,VNM,0.0
155,Yemen,0.0,0.0,0.0,0.0,0.0,0.0,0.0,0.0,44.8,0.0,0.0,0.0,YEM,0.0
156,Zimbabwe,0.0,0.0,0.0,0.0,0.0,17.2,0.0,0.0,0.0,0.0,0.0,0.0,ZWE,0.0
157,Afghanistan,0.0,0.0,0.0,0.0,0.0,0.0,0.0,0.0,0.0,0.0,0.0,0.0,AFG,0.0
158,Andorra,0.0,0.0,0.0,0.0,0.0,0.0,0.0,0.0,0.0,0.0,0.0,0.0,AND,0.0
159,Antigua and Barbuda,0.0,0.0,0.0,0.0,0.0,0.0,0.0,0.0,0.0,0.0,0.0,0.0,ATG,0.0
160,Azerbaijan,0.0,0.0,0.0,0.0,0.0,0.0,0.0,0.0,0.0,0.0,0.0,0.0,AZE,0.0
161,Azerbaijan,0.0,0.0,0.0,0.0,0.0,0.0,0.0,0.0,0.0,0.0,0.0,0.0,AZE,0.0
162,Azerbaijan,0.0,0.0,0.0,0.0,0.0,0.0,0.0,0.0,0.0,0.0,0.0,0.0,AZE,0.0
163,Azerbaijan,0.0,0.0,0.0,0.0,0.0,0.0,0.0,0.0,0.0,0.0,0.0,0.0,AZE,0.0
164,Bahamas,0.0,0.0,0.0,0.0,0.0,0.0,0.0,0.0,0.0,0.0,0.0,0.0,BHS,0.0
165,Bahrain,0.0,0.0,0.0,0.0,0.0,0.0,0.0,0.0,0.0,0.0,0.0,0.0,BHR,0.0
166,Barbados,0.0,0.0,0.0,0.0,0.0,0.0,0.0,0.0,0.0,0.0,0.0,0.0,BRB,0.0
167,Belarus,0.0,0.0,0.0,0.0,0.0,0.0,0.0,0.0,0.0,0.0,0.0,0.0,BLR,0.0
168,Bhutan,0.0,0.0,0.0,0.0,0.0,0.0,0.0,0.0,0.0,0.0,0.0,0.0,BTN,0.0
169,Botswana,0.0,0.0,0.0,0.0,0.0,0.0,0.0,0.0,0.0,0.0,0.0,0.0,BWA,0.0
170,Burkina Faso,0.0,0.0,0.0,0.0,0.0,0.0,0.0,0.0,0.0,0.0,0.0,0.0,BFA,0.0
171,Cabo Verde,0.0,0.0,0.0,0.0,0.0,0.0,0.0,0.0,0.0,0.0,0.0,0.0,CPV,0.0
172,Central African Republic,0.0,0.0,0.0,0.0,0.0,0.0,0.0,0.0,0.0,0.0,0.0,0.0,CAF,0.0
173,Chad,0.0,0.0,0.0,0.0,0.0,0.0,0.0,0.0,0.0,0.0,0.0,0.0,TCD,0.0
174,China,0.0,0.0,0.0,0.0,0.0,0.0,0.0,0.0,0.0,0.0,0.0,0.0,CHN,0.0
175,Comoros,0.0,0.0,0.0,0.0,0.0,0.0,0.0,0.0,0.0,0.0,0.0,0.0,COM,0.0
176,Cuba,0.0,0.0,0.0,0.0,0.0,0.0,0.0,0.0,0.0,0.0,0.0,0.0,CUB,0.0
177,Djibouti,0.0,0.0,0.0,0.0,0.0,0.0,0.0,0.0,0.0,0.0,0.0,0.0,DJI,0.0
178,Dominica,0.0,0.0,0.0,0.0,0.0,0.0,0.0,0.0,0.0,0.0,0.0,0.0,DMA,0.0
179,Equatorial Guinea,0.0,0.0,0.0,0.0,0.0,0.0,0.0,0.0,0.0,0.0,0.0,0.0,GNQ,0.0
180,Eritrea,0.0,0.0,0.0,0.0,0.0,0.0,0.0,0.0,0.0,0.0,0.0,0.0,ERI,0.0
181,Eswatini (Kingdom of),0.0,0.0,0.0,0.0,0.0,0.0,0.0,0.0,0.0,0.0,0.0,0.0,SWZ,0.0
182,Gabon,0.0,0.0,0.0,0.0,0.0,0.0,0.0,0.0,0.0,0.0,0.0,0.0,GAB,0.0
183,Georgia,0.0,0.0,0.0,0.0,0.0,0.0,0.0,0.0,0.0,0.0,0.0,0.0,GEO,0.0
184,Georgia,0.0,0.0,0.0,0.0,0.0,0.0,0.0,0.0,0.0,0.0,0.0,0.0,GEO,0.0
185,Georgia,0.0,0.0,0.0,0.0,0.0,0.0,0.0,0.0,0.0,0.0,0.0,0.0,GEO,0.0
186,Georgia,0.0,0.0,0.0,0.0,0.0,0.0,0.0,0.0,0.0,0.0,0.0,0.0,GEO,0.0
187,Grenada,0.0,0.0,0.0,0.0,0.0,0.0,0.0,0.0,0.0,0.0,0.0,0.0,GRD,0.0
188,Guinea,0.0,0.0,0.0,0.0,0.0,0.0,0.0,0.0,0.0,0.0,0.0,0.0,GIN,0.0
189,Guinea,0.0,0.0,0.0,0.0,0.0,0.0,0.0,0.0,0.0,0.0,0.0,0.0,GNB,0.0
190,Guinea,0.0,0.0,0.0,0.0,0.0,0.0,0.0,0.0,0.0,0.0,0.0,0.0,GNB,0.0
191,Guinea,0.0,0.0,0.0,0.0,0.0,0.0,0.0,0.0,0.0,0.0,0.0,0.0,GNB,0.0
192,Guinea-Bissau,0.0,0.0,0.0,0.0,0.0,0.0,0.0,0.0,0.0,0.0,0.0,0.0,GNB,0.0
193,Guinea-Bissau,0.0,0.0,0.0,0.0,0.0,0.0,0.0,0.0,0.0,0.0,0.0,0.0,GNB,0.0
194,Guinea-Bissau,0.0,0.0,0.0,0.0,0.0,0.0,0.0,0.0,0.0,0.0,0.0,0.0,GNB,0.0
195,Haiti,0.0,0.0,0.0,0.0,0.0,0.0,0.0,0.0,0.0,0.0,0.0,0.0,HTI,0.0
196,Jamaica,0.0,0.0,0.0,0.0,0.0,0.0,0.0,0.0,0.0,0.0,0.0,0.0,JAM,0.0
197,Jordan,0.0,0.0,0.0,0.0,0.0,0.0,0.0,0.0,0.0,0.0,0.0,0.0,JOR,0.0
198,Kenya,0.0,0.0,0.0,0.0,0.0,0.0,0.0,0.0,0.0,0.0,0.0,0.0,KEN,0.0
199,Kiribati,0.0,0.0,0.0,0.0,0.0,0.0,0.0,0.0,0.0,0.0,0.0,0.0,KIR,0.0
200,Korea (Democratic People's Rep. of),0.0,0.0,0.0,0.0,0.0,0.0,0.0,0.0,0.0,0.0,0.0,0.0,PRK,0.0
201,Korea (Republic of),0.0,0.0,0.0,0.0,0.0,0.0,0.0,0.0,0.0,0.0,0.0,0.0,KOR,0.0
202,Kuwait,0.0,0.0,0.0,0.0,0.0,0.0,0.0,0.0,0.0,0.0,0.0,0.0,KWT,0.0
203,Lebanon,0.0,0.0,0.0,0.0,0.0,0.0,0.0,0.0,0.0,0.0,0.0,0.0,LBN,0.0
204,Lesotho,0.0,0.0,0.0,0.0,0.0,0.0,0.0,0.0,0.0,0.0,0.0,0.0,LSO,0.0
205,Libya,0.0,0.0,0.0,0.0,0.0,0.0,0.0,0.0,0.0,0.0,0.0,0.0,LBY,0.0
206,Liechtenstein,0.0,0.0,0.0,0.0,0.0,0.0,0.0,0.0,0.0,0.0,0.0,0.0,LIE,0.0
207,Malawi,0.0,0.0,0.0,0.0,0.0,0.0,0.0,0.0,0.0,0.0,0.0,0.0,MWI,0.0
208,Marshall Islands,0.0,0.0,0.0,0.0,0.0,0.0,0.0,0.0,0.0,0.0,0.0,0.0,MHL,0.0
209,Mauritius,0.0,0.0,0.0,0.0,0.0,0.0,0.0,0.0,0.0,0.0,0.0,0.0,MUS,0.0
210,Micronesia (Federated States of),0.0,0.0,0.0,0.0,0.0,0.0,0.0,0.0,0.0,0.0,0.0,0.0,FSM,0.0
211,Monaco,0.0,0.0,0.0,0.0,0.0,0.0,0.0,0.0,0.0,0.0,0.0,0.0,MCO,0.0
212,Morocco,0.0,0.0,0.0,0.0,0.0,0.0,0.0,0.0,0.0,0.0,0.0,0.0,MAR,0.0
213,Nauru,0.0,0.0,0.0,0.0,0.0,0.0,0.0,0.0,0.0,0.0,0.0,0.0,NRU,0.0
214,Nepal,0.0,0.0,0.0,0.0,0.0,0.0,0.0,0.0,0.0,0.0,0.0,0.0,NPL,0.0
215,Oman,0.0,0.0,0.0,0.0,0.0,0.0,0.0,0.0,0.0,0.0,0.0,0.0,OMN,0.0
216,Palau,0.0,0.0,0.0,0.0,0.0,0.0,0.0,0.0,0.0,0.0,0.0,0.0,PLW,0.0
217,Saint Kitts and Nevis,0.0,0.0,0.0,0.0,0.0,0.0,0.0,0.0,0.0,0.0,0.0,0.0,KNA,0.0
218,Saint Lucia,0.0,0.0,0.0,0.0,0.0,0.0,0.0,0.0,0.0,0.0,0.0,0.0,LCA,0.0
219,Saint Vincent and the Grenadines,0.0,0.0,0.0,0.0,0.0,0.0,0.0,0.0,0.0,0.0,0.0,0.0,VCT,0.0
220,San Marino,0.0,0.0,0.0,0.0,0.0,0.0,0.0,0.0,0.0,0.0,0.0,0.0,SMR,0.0
221,Sao Tome and Principe,0.0,0.0,0.0,0.0,0.0,0.0,0.0,0.0,0.0,0.0,0.0,0.0,STP,0.0
222,Seychelles,0.0,0.0,0.0,0.0,0.0,0.0,0.0,0.0,0.0,0.0,0.0,0.0,SYC,0.0
223,Solomon Islands,0.0,0.0,0.0,0.0,0.0,0.0,0.0,0.0,0.0,0.0,0.0,0.0,SLB,0.0
224,Somalia,0.0,0.0,0.0,0.0,0.0,0.0,0.0,0.0,0.0,0.0,0.0,0.0,SOM,0.0
225,South Sudan,0.0,0.0,0.0,0.0,0.0,0.0,0.0,0.0,0.0,0.0,0.0,0.0,SSD,0.0
226,Sudan,0.0,0.0,0.0,0.0,0.0,0.0,0.0,0.0,0.0,0.0,0.0,0.0,SDN,0.0
227,Suriname,0.0,0.0,0.0,0.0,0.0,0.0,0.0,0.0,0.0,0.0,0.0,0.0,SUR,0.0
228,Syrian Arab Republic,0.0,0.0,0.0,0.0,0.0,0.0,0.0,0.0,0.0,0.0,0.0,0.0,SYR,0.0
229,Tajikistan,0.0,0.0,0.0,0.0,0.0,0.0,0.0,0.0,0.0,0.0,0.0,0.0,TJK,0.0
230,Tonga,0.0,0.0,0.0,0.0,0.0,0.0,0.0,0.0,0.0,0.0,0.0,0.0,TON,0.0
231,Tunisia,0.0,0.0,0.0,0.0,0.0,0.0,0.0,0.0,0.0,0.0,0.0,0.0,TUN,0.0
232,Turkmenistan,0.0,0.0,0.0,0.0,0.0,0.0,0.0,0.0,0.0,0.0,0.0,0.0,TKM,0.0
233,Tuvalu,0.0,0.0,0.0,0.0,0.0,0.0,0.0,0.0,0.0,0.0,0.0,0.0,TUV,0.0
234,United Arab Emirates,0.0,0.0,0.0,0.0,0.0,0.0,0.0,0.0,0.0,0.0,0.0,0.0,ARE,0.0
235,Uzbekistan,0.0,0.0,0.0,0.0,0.0,0.0,0.0,0.0,0.0,0.0,0.0,0.0,UZB,0.0
236,Vanuatu,0.0,0.0,0.0,0.0,0.0,0.0,0.0,0.0,0.0,0.0,0.0,0.0,VUT,0.0
237,Zambia,0.0,0.0,0.0,0.0,0.0,0.0,0.0,0.0,0.0,0.0,0.0,0.0,ZMB,0.0
0,Afghanistan,0.0,17.8,23.6,17.3,16.5,17.3,16.6,17.5,17.9,18.1,17.9,17.7,AFG,25.6
1,Albania,0.0,36.3,35.6,31.1,29.2,28.8,27.7,30.5,39.4,40.1,32.7,30.0,ALB,31.1
2,Algeria,0.0,51.2,52.0,30.7,22.0,22.5,27.6,25.1,25.8,29.9,24.0,23.9,DZA,38.8
3,Angola,0.0,55.2,54.6,49.9,22.8,16.9,17.0,17.0,17.0,16.9,18.0,19.1,AGO,54.5
4,Argentina,0.0,47.8,38.4,26.0,18.7,18.5,18.5,19.4,18.3,19.5,23.0,24.7,ARG,14.8
5,Armenia,0.0,14.5,22.9,17.2,39.0,39.2,35.4,35.9,36.9,31.9,38.6,39.0,ARM,4.5
6,Armenia,0.0,14.5,22.9,17.2,39.0,39.2,35.4,35.9,36.9,31.9,38.6,39.0,ARM,4.5
7,Armenia,0.0,14.5,22.9,17.2,39.0,39.2,35.4,35.9,36.9,31.9,38.6,39.0,ARM,4.5
8,Armenia,0.0,14.5,22.9,17.2,39.0,39.2,35.4,35.9,36.9,31.9,38.6,39.0,ARM,4.5
9,Australia,0.0,15.2,12.1,10.6,11.6,11.4,11.7,12.2,13.3,13.1,12.7,12.6,AUS,17.5
10,Austria,0.0,5.9,6.3,11.0,9.5,8.9,9.4,9.6,10.3,10.6,11.3,10.4,AUT,3.7
11,Azerbaijan,0.0,19.2,27.8,17.7,14.9,14.6,14.1,13.6,13.4,13.3,13.0,13.7,AZE,19.6
12,Azerbaijan,0.0,19.2,27.8,17.7,14.9,14.6,14.1,13.6,13.4,13.3,13.0,13.7,AZE,19.6
13,Azerbaijan,0.0,19.2,27.8,17.7,14.9,14.6,14.1,13.6,13.4,13.3,13.0,13.7,AZE,19.6
14,Azerbaijan,0.0,19.2,27.8,17.7,14.9,14.6,14.1,13.6,13.4,13.3,13.0,13.7,AZE,19.6
15,Bahamas,0.0,20.8,14.8,20.2,26.3,27.3,30.9,32.6,27.9,24.3,25.6,25.7,BHS,22.6
16,Bahrain,0.0,22.7,20.6,29.0,4.9,5.6,5.2,5.4,5.4,5.3,5.5,5.8,BHR,24.8
17,Bangladesh,0.0,6.4,9.5,8.8,6.3,7.3,8.2,10.0,10.3,10.7,11.1,11.4,BGD,4.5
18,Barbados,0.0,38.1,20.9,20.9,25.8,27.0,28.9,29.4,33.7,32.3,29.3,29.0,BRB,41.6
19,Belarus,0.0,1.3,2.0,1.8,2.5,1.5,1.4,1.1,1.1,1.2,1.1,1.1,BLR,1.4
20,Belgium,0.0,21.6,15.3,21.5,22.4,18.8,19.8,23.8,23.2,22.1,20.1,19.0,BEL,13.9
21,Belize,0.0,23.3,20.3,20.6,20.0,22.5,24.7,21.6,23.0,18.8,17.7,16.6,BLZ,6.4
22,Benin,0.0,1.4,1.0,1.4,2.2,5.4,5.4,5.4,5.4,5.4,5.3,5.2,BEN,1.7
23,Bhutan,0.0,3.9,4.7,8.2,8.6,9.1,7.0,9.3,9.2,10.0,10.1,10.2,BTN,3.9
24,Bolivia (Plurinational State of),0.0,6.0,8.4,9.1,5.1,5.2,3.3,5.3,4.6,6.8,6.7,6.6,BOL,10.9
25,Bosnia and Herzegovina,0.0,52.6,53.1,60.3,56.0,56.8,57.8,56.5,62.7,62.3,54.3,55.4,BIH,36.2
26,Botswana,0.0,37.5,13.6,36.7,35.3,35.3,35.4,35.6,35.4,35.3,35.7,35.7,BWA,25.8
27,Brazil,0.0,11.4,18.1,23.4,18.1,15.3,16.1,16.0,15.8,19.9,27.3,30.5,BRA,20.2
28,Brunei Darussalam,0.0,15.7,17.6,19.2,21.0,21.4,21.5,21.6,26.1,26.3,27.3,28.2,BRN,14.1
29,Bulgaria,0.0,32.3,33.3,22.3,21.9,25.1,28.1,28.4,23.8,21.6,17.2,14.4,BGR,41.9
30,Burkina Faso,0.0,3.8,3.8,5.8,6.5,7.0,7.5,8.0,8.6,8.6,8.6,8.6,BFA,3.8
31,Burundi,0.0,2.9,3.0,2.9,2.8,2.8,2.8,2.7,2.9,2.9,3.0,2.9,BDI,2.9
32,Cabo Verde,0.0,17.7,17.7,17.7,17.7,17.8,17.8,17.8,17.8,17.8,18.0,17.8,CPV,17.6
33,Cambodia,0.0,1.6,4.7,3.4,0.6,0.4,0.3,0.6,0.4,0.4,0.4,0.4,KHM,1.6
34,Cameroon,0.0,14.3,13.3,7.8,6.3,7.4,8.5,9.6,9.1,9.1,8.9,8.9,CMR,14.2
35,Canada,0.0,14.8,12.7,12.4,14.9,14.3,14.4,13.7,13.5,13.2,13.1,12.3,CAN,15.9
36,Central African Republic,0.0,11.5,11.4,11.4,11.4,11.5,11.5,11.3,11.4,11.5,11.0,10.6,CAF,11.4
37,Chad,0.0,10.0,10.1,10.2,10.3,10.1,10.2,10.2,10.2,10.1,10.1,10.1,TCD,10.2
38,Chile,0.0,10.9,21.4,19.9,19.2,18.1,16.9,16.8,17.2,16.3,16.2,16.8,CHL,12.3
39,China,0.0,10.0,10.0,9.0,9.6,10.0,10.4,10.5,10.7,10.8,10.9,10.8,CHN,10.9
40,Colombia,0.0,16.3,39.1,23.7,21.8,21.1,19.5,18.1,17.8,17.5,17.1,18.4,COL,19.2
41,Comoros,0.0,10.1,10.0,10.0,9.9,9.9,9.9,9.9,9.9,9.9,9.9,10.0,COM,10.1
42,Congo,0.0,40.3,40.4,40.4,30.2,27.1,20.8,20.7,20.8,20.7,21.5,22.5,COG,40.2
43,Congo,0.0,40.3,40.4,40.4,30.2,27.1,20.8,20.7,20.8,20.7,21.5,22.5,COD,40.2
44,Congo,0.0,40.3,40.4,40.4,30.2,27.1,20.8,20.7,20.8,20.7,21.5,22.5,COD,40.2
45,Congo (Democratic Republic of the),0.0,7.3,7.2,7.3,7.3,7.3,7.3,7.3,7.3,7.3,7.3,7.3,COD,7.2
46,Congo (Democratic Republic of the),0.0,7.3,7.2,7.3,7.3,7.3,7.3,7.3,7.3,7.3,7.3,7.3,COD,7.2
47,Costa Rica,0.0,11.9,11.3,15.4,22.0,22.3,23.2,22.9,25.3,23.2,23.7,22.7,CRI,11.3
48,Croatia,0.0,31.5,36.0,32.4,32.2,36.6,42.0,50.0,45.6,42.4,31.4,25.9,HRV,40.7
49,Cuba,0.0,16.5,11.5,4.1,6.1,6.6,7.3,7.0,5.7,5.1,5.2,5.5,CUB,18.5
50,Cyprus,0.0,8.0,9.5,13.0,15.6,20.9,26.5,37.1,34.5,31.5,27.6,23.1,CYP,6.3
51,Cyprus,0.0,8.0,9.5,13.0,15.6,20.9,26.5,37.1,34.5,31.5,27.6,23.1,CYP,6.3
52,Cyprus,0.0,8.0,9.5,13.0,15.6,20.9,26.5,37.1,34.5,31.5,27.6,23.1,CYP,6.3
53,Cyprus,0.0,8.0,9.5,13.0,15.6,20.9,26.5,37.1,34.5,31.5,27.6,23.1,CYP,6.3
54,Czechia,0.0,7.8,16.9,19.3,18.4,18.1,19.5,19.0,15.9,12.6,10.5,8.3,CZE,4.7
55,Côte d'Ivoire,0.0,5.7,5.5,4.9,4.3,4.2,4.2,4.0,3.9,3.8,3.7,3.7,CIV,9.4
56,Denmark,0.0,9.9,6.7,8.6,13.9,14.2,14.1,13.0,12.6,10.8,11.9,11.4,DNK,11.5
57,Djibouti,0.0,11.4,11.4,11.4,11.5,11.5,11.5,11.5,11.5,11.5,11.6,11.7,DJI,11.3
58,Dominican Republic,0.0,13.3,13.6,12.9,10.3,13.3,14.3,16.9,12.9,13.6,12.4,12.4,DOM,14.1
59,Dominican Republic,0.0,13.3,13.6,12.9,10.3,13.3,14.3,16.9,12.9,13.6,12.4,12.4,DOM,14.1
60,Dominican Republic,0.0,13.3,13.6,12.9,10.3,13.3,14.3,16.9,12.9,13.6,12.4,12.4,DOM,14.1
61,Ecuador,0.0,14.4,18.1,15.7,9.4,9.0,8.7,8.5,9.1,8.9,10.4,10.9,ECU,12.0
62,Egypt,0.0,30.4,25.0,30.1,28.8,30.1,35.6,35.6,34.1,34.9,34.6,34.4,EGY,26.3
63,El Salvador,0.0,15.1,14.4,15.2,10.2,8.6,8.5,8.6,9.7,8.8,9.6,9.9,SLV,14.4
64,Equatorial Guinea,0.0,11.6,11.9,11.4,11.2,11.4,11.4,11.3,11.3,11.2,12.7,14.2,GNQ,11.3
65,Eritrea,0.0,11.6,11.4,11.4,11.4,11.5,11.5,11.4,11.5,11.5,11.4,11.3,ERI,11.4
66,Estonia,0.0,14.0,21.1,15.1,32.9,22.4,20.9,18.7,15.1,13.1,13.5,13.9,EST,3.4
67,Eswatini (Kingdom of),0.0,39.5,41.2,41.2,53.1,53.1,53.3,53.4,53.5,53.5,54.1,54.8,SWZ,39.5
68,Ethiopia,0.0,6.1,11.6,7.6,7.4,7.3,7.3,7.1,7.1,7.1,7.3,7.4,GNB,4.4
69,Ethiopia,0.0,6.1,11.6,7.6,7.4,7.3,7.3,7.1,7.1,7.1,7.3,7.4,GNB,4.4
70,Ethiopia,0.0,6.1,11.6,7.6,7.4,7.3,7.3,7.1,7.1,7.1,7.3,7.4,GNB,4.4
71,Fiji,0.0,12.9,17.4,11.7,23.6,24.2,24.4,20.7,18.3,18.2,18.5,18.8,HKG,14.0
72,Fiji,0.0,12.9,17.4,11.7,23.6,24.2,24.4,20.7,18.3,18.2,18.5,18.8,HKG,14.0
73,Finland,0.0,40.6,29.7,20.0,21.3,20.0,18.9,19.8,20.4,22.3,20.0,19.9,IRN,15.0
74,Finland,0.0,40.6,29.7,20.0,21.3,20.0,18.9,19.8,20.4,22.3,20.0,19.9,IRN,15.0
75,France,0.0,26.7,20.5,20.2,22.4,21.8,23.6,24.0,24.2,24.6,24.5,23.6,IRQ,19.4
76,France,0.0,26.7,20.5,20.2,22.4,21.8,23.6,24.0,24.2,24.6,24.5,23.6,IRQ,19.4
77,France,0.0,26.7,20.5,20.2,22.4,21.8,23.6,24.0,24.2,24.6,24.5,23.6,IRQ,19.4
78,Gabon,0.0,40.8,37.6,35.2,36.1,36.2,36.2,36.2,36.2,36.2,36.3,36.5,GAB,42.0
79,Gambia,0.0,12.9,13.0,12.8,12.9,12.8,12.9,12.9,12.8,12.9,12.9,12.9,GMB,12.8
80,Georgia,0.0,24.6,20.9,28.0,35.7,35.0,32.9,35.5,30.4,30.4,29.9,29.3,GEO,23.8
81,Georgia,0.0,24.6,20.9,28.0,35.7,35.0,32.9,35.5,30.4,30.4,29.9,29.3,GEO,23.8
82,Georgia,0.0,24.6,20.9,28.0,35.7,35.0,32.9,35.5,30.4,30.4,29.9,29.3,GEO,23.8
83,Georgia,0.0,24.6,20.9,28.0,35.7,35.0,32.9,35.5,30.4,30.4,29.9,29.3,GEO,23.8
84,Germany,0.0,8.5,8.6,15.5,9.8,8.5,8.0,7.8,7.7,7.2,7.0,6.4,DEU,5.5
85,Ghana,0.0,12.7,16.3,8.7,10.6,9.0,7.4,4.6,4.5,4.5,4.7,4.9,GHA,9.1
86,Greece,0.0,26.4,28.7,25.6,32.7,44.4,55.1,58.2,52.4,49.9,47.4,42.8,GRC,23.2
87,Guatemala,0.0,4.6,2.6,4.6,5.7,7.5,4.8,5.9,6.1,5.9,6.0,5.8,GTM,5.9
88,Guinea,0.0,5.6,5.6,5.6,5.6,5.6,5.6,5.6,5.6,5.5,5.5,5.5,GIN,5.5
89,Guinea,0.0,5.6,5.6,5.6,5.6,5.6,5.6,5.6,5.6,5.5,5.5,5.5,GNB,5.5
90,Guinea,0.0,5.6,5.6,5.6,5.6,5.6,5.6,5.6,5.6,5.5,5.5,5.5,GNB,5.5
91,Guinea,0.0,5.6,5.6,5.6,5.6,5.6,5.6,5.6,5.6,5.5,5.5,5.5,GNB,5.5
92,Guinea-Bissau,0.0,11.4,11.4,11.5,11.5,11.5,11.4,11.5,11.4,11.5,11.5,11.6,GNB,11.5
93,Guinea-Bissau,0.0,11.4,11.4,11.5,11.5,11.5,11.4,11.5,11.4,11.5,11.5,11.6,GNB,11.5
94,Guinea-Bissau,0.0,11.4,11.4,11.5,11.5,11.5,11.4,11.5,11.4,11.5,11.5,11.6,GNB,11.5
95,Guyana,0.0,27.2,27.6,26.4,25.9,25.4,25.7,25.5,26.2,26.6,26.4,26.3,GUY,28.3
96,Haiti,0.0,16.6,20.8,35.8,38.7,34.0,35.1,34.7,35.2,35.6,35.7,36.0,HTI,17.6
97,Honduras,0.0,5.6,6.3,7.2,7.7,8.0,7.1,7.3,9.5,8.0,8.5,8.2,HND,7.9
98,"Hong Kong, China (SAR)",0.0,6.9,11.0,10.8,12.2,9.3,9.2,9.5,9.2,10.5,9.7,9.2,0,4.1
99,Hungary,0.0,18.6,12.3,19.4,26.5,26.0,28.2,26.5,20.3,17.2,12.9,11.3,HUN,18.1
100,Iceland,0.0,11.8,4.3,7.1,15.9,14.2,13.2,10.4,9.6,8.6,6.3,6.2,ISL,4.9
101,India,0.0,8.3,9.9,9.9,10.2,10.3,10.6,10.1,10.0,10.4,10.5,10.5,IND,8.5
102,Indonesia,0.0,10.9,18.1,24.3,16.9,17.3,15.0,15.2,15.2,16.7,14.9,15.6,IDN,7.1
103,Iran (Islamic Republic of),0.0,17.9,28.4,23.8,28.4,26.7,27.1,23.6,24.8,25.7,28.7,30.3,IRN,21.6
104,Iran (Islamic Republic of),0.0,17.9,28.4,23.8,28.4,26.7,27.1,23.6,24.8,25.7,28.7,30.3,IRN,21.6
105,Iraq,0.0,33.7,36.2,38.9,23.9,17.2,18.1,17.2,16.3,16.8,17.5,18.0,IRQ,33.0
106,Iraq,0.0,33.7,36.2,38.9,23.9,17.2,18.1,17.2,16.3,16.8,17.5,18.0,IRQ,33.0
107,Iraq,0.0,33.7,36.2,38.9,23.9,17.2,18.1,17.2,16.3,16.8,17.5,18.0,IRQ,33.0
108,Iraq,0.0,33.7,36.2,38.9,23.9,17.2,18.1,17.2,16.3,16.8,17.5,18.0,IRQ,33.0
109,Iraq,0.0,33.7,36.2,38.9,23.9,17.2,18.1,17.2,16.3,16.8,17.5,18.0,IRQ,33.0
110,Iraq,0.0,33.7,36.2,38.9,23.9,17.2,18.1,17.2,16.3,16.8,17.5,18.0,IRQ,33.0
111,Ireland,0.0,18.7,6.5,8.6,27.7,29.1,30.4,26.7,23.8,20.7,17.1,13.6,IRL,23.1
112,Israel,0.0,14.9,17.3,17.8,14.3,11.9,12.2,10.6,10.6,9.3,8.7,7.7,ISR,22.1
113,Italy,0.0,33.4,31.4,24.1,28.0,29.3,35.5,40.3,42.9,40.5,37.9,36.9,ITA,28.5
114,Jamaica,0.0,36.2,35.8,25.1,28.9,29.7,34.3,36.2,32.9,31.4,31.4,29.7,JAM,34.2
115,Japan,0.0,6.2,9.1,8.7,9.3,8.3,8.1,6.9,6.3,5.5,5.1,4.6,JPN,4.5
116,Jordan,0.0,32.4,31.4,33.6,29.7,31.6,30.9,32.5,31.5,33.3,38.5,39.8,JOR,41.7
117,Kazakhstan,0.0,11.3,13.0,8.3,5.2,4.6,3.9,3.9,4.7,4.6,4.6,4.7,KAZ,1.3
118,Kazakhstan,0.0,11.3,13.0,8.3,5.2,4.6,3.9,3.9,4.7,4.6,4.6,4.7,KAZ,1.3
119,Kazakhstan,0.0,11.3,13.0,8.3,5.2,4.6,3.9,3.9,4.7,4.6,4.6,4.7,KAZ,1.3
120,Kazakhstan,0.0,11.3,13.0,8.3,5.2,4.6,3.9,3.9,4.7,4.6,4.6,4.7,KAZ,1.3
121,Kenya,0.0,19.9,20.2,21.9,26.1,26.0,26.0,26.1,26.2,26.2,26.3,26.2,KEN,19.8
122,Korea (Democratic People's Rep. of),0.0,16.5,11.2,10.9,11.3,11.2,11.1,11.1,11.1,11.4,11.7,11.7,PRK,16.5
123,Korea (Republic of),0.0,6.1,10.8,10.2,9.9,9.8,9.0,9.2,10.0,10.4,10.5,10.7,KOR,7.1
124,Kuwait,0.0,13.3,4.2,11.2,9.8,15.2,15.4,15.3,19.3,18.3,16.5,15.5,KWT,3.0
125,Kyrgyzstan,0.0,9.9,13.7,14.5,16.5,16.4,17.5,13.4,14.0,15.0,15.6,15.7,KGZ,9.7
126,Lao People's Democratic Republic,0.0,5.6,4.1,3.0,1.6,1.6,1.6,1.6,1.6,1.6,1.7,1.7,LAO,5.6
127,Latvia,0.0,34.5,21.3,15.1,36.1,30.9,28.5,23.2,19.6,16.3,17.2,17.0,LVA,34.5
128,Lebanon,0.0,21.0,19.8,21.2,16.6,15.7,16.0,16.0,15.9,15.8,16.1,16.5,LBN,22.1
129,Lesotho,0.0,56.4,29.9,47.8,36.3,38.9,32.9,34.5,34.9,38.0,39.0,38.5,LSO,50.7
130,Liberia,0.0,4.6,4.7,4.7,3.2,3.2,3.3,3.3,3.2,3.2,3.3,3.3,LBR,4.6
131,Libya,0.0,41.6,44.8,46.8,45.3,38.4,45.1,44.9,44.6,44.6,45.7,46.0,LBY,43.7
132,Lithuania,0.0,31.5,28.6,15.8,35.7,32.5,26.7,21.9,19.3,16.3,14.4,13.5,LTU,32.1
133,Luxembourg,0.0,7.3,6.4,13.6,14.2,16.7,18.6,15.4,22.1,17.3,18.7,17.0,LUX,2.6
134,Madagascar,0.0,9.7,9.8,3.9,6.4,3.8,1.0,1.5,2.0,3.0,3.0,3.0,MDG,9.7
135,Malawi,0.0,10.6,10.5,10.5,8.9,8.6,8.2,7.8,7.9,7.8,7.9,8.0,MWI,10.6
136,Malaysia,0.0,9.6,9.5,11.3,10.8,9.9,10.1,10.1,9.9,10.8,10.7,10.9,MYS,11.0
137,Maldives,0.0,1.9,4.4,8.2,10.1,10.5,12.0,11.9,12.9,13.1,13.5,13.8,MDV,1.8
138,Mali,0.0,4.8,8.5,14.7,10.3,10.4,10.8,11.1,8.1,18.2,18.1,18.0,MLI,4.8
139,Malta,0.0,11.3,11.9,16.2,13.2,13.3,14.1,13.0,11.8,11.8,11.0,10.0,MLT,11.9
140,Mauritania,0.0,17.0,16.9,17.0,17.0,17.0,17.0,17.0,17.0,17.0,17.8,18.6,MRT,15.3
141,Mauritius,0.0,23.2,14.4,26.1,23.2,22.1,24.4,23.4,24.6,26.0,23.6,23.3,MUS,22.9
142,Mexico,0.0,11.1,5.0,6.8,9.7,9.8,9.4,9.4,9.4,8.6,7.7,6.9,MEX,5.3
143,Moldova (Republic of),0.0,18.5,17.6,18.4,17.8,14.9,13.1,12.2,9.9,10.7,11.2,12.8,MDA,18.4
144,Mongolia,0.0,10.7,9.2,6.8,14.4,10.2,8.2,10.5,11.9,12.6,19.9,18.9,MNG,18.4
145,Montenegro,0.0,56.8,63.5,59.6,41.4,36.2,41.1,41.5,35.5,39.0,36.3,33.1,MNE,51.9
146,Morocco,0.0,38.4,20.6,15.9,17.6,18.0,18.7,19.1,19.9,20.7,18.6,18.0,MAR,28.5
147,Mozambique,0.0,38.3,38.3,38.5,38.5,38.5,38.6,39.8,43.2,43.2,43.0,42.7,MOZ,42.1
148,Myanmar,0.0,1.6,1.6,1.6,1.6,1.6,1.6,1.6,1.6,1.6,1.6,1.7,MMR,1.6
149,Namibia,0.0,37.5,41.5,44.2,45.3,42.6,34.3,40.8,38.7,40.1,45.2,45.5,NAM,36.4
150,Nepal,0.0,7.5,2.8,2.5,3.5,4.2,4.8,5.4,5.0,5.1,5.0,4.3,NPL,7.2
151,Netherlands,0.0,12.1,5.3,8.2,8.7,10.0,11.7,13.2,12.7,11.3,10.8,8.8,NLD,11.1
152,New Zealand,0.0,12.3,13.5,9.8,16.2,15.9,16.7,15.0,13.9,13.7,13.3,12.8,NZL,19.4
153,Nicaragua,0.0,24.9,14.7,8.6,12.3,11.4,10.4,8.4,8.5,8.5,8.5,8.5,NIC,15.8
154,Niger,0.0,9.3,4.3,5.6,1.5,0.5,0.5,0.5,0.5,0.5,0.5,0.5,NER,9.1
155,Nigeria,0.0,9.8,9.9,9.9,9.9,9.8,9.8,9.8,8.5,8.1,13.1,13.4,NGA,9.3
156,Norway,0.0,19.0,10.9,11.4,9.3,8.6,8.4,9.1,7.8,9.9,11.1,10.0,NOR,12.6
157,Oman,0.0,48.3,48.9,48.7,46.4,45.0,46.2,45.8,46.1,47.0,47.5,48.2,OMN,48.0
158,Pakistan,0.0,9.0,13.4,11.8,1.3,1.8,3.9,6.1,4.2,6.8,7.3,7.7,PAK,10.1
159,"Palestine, State of",0.0,36.8,21.6,35.1,38.7,35.6,38.6,40.7,44.3,40.4,43.3,44.5,0,36.3
160,Panama,0.0,31.6,31.9,25.3,14.9,12.3,10.4,10.8,12.6,12.6,13.9,14.2,PAN,35.8
161,Papua New Guinea,0.0,5.2,5.2,4.4,3.6,4.8,4.9,4.9,5.0,5.0,5.0,5.0,PNG,5.5
162,Paraguay,0.0,7.3,16.2,12.5,10.7,11.4,10.1,9.5,11.1,11.0,11.5,12.8,PRY,10.7
163,Peru,0.0,10.5,12.0,9.3,7.4,7.6,7.3,6.7,7.6,6.8,8.7,9.0,PER,12.3
164,Philippines,0.0,9.6,9.5,9.3,10.0,9.7,9.5,9.3,9.6,8.6,7.7,7.9,PHL,9.4
165,Poland,0.0,30.6,35.1,36.6,23.7,25.7,26.4,27.2,23.8,20.7,17.6,14.7,POL,25.3
166,Portugal,0.0,16.0,8.2,16.2,22.7,30.3,38.0,38.2,34.8,32.1,28.0,23.0,PRT,8.6
167,Qatar,0.0,18.6,24.5,9.7,1.4,1.4,1.2,1.2,0.8,0.5,0.5,0.5,QAT,20.2
168,Romania,0.0,21.0,17.6,20.2,21.8,23.7,22.4,23.7,23.9,21.6,20.6,18.4,ROU,24.7
169,Russian Federation,0.0,20.2,20.8,16.1,17.1,15.5,15.0,14.2,14.1,16.4,16.6,16.3,RUS,18.4
170,Russian Federation,0.0,20.2,20.8,16.1,17.1,15.5,15.0,14.2,14.1,16.4,16.6,16.3,RUS,18.4
171,Russian Federation,0.0,20.2,20.8,16.1,17.1,15.5,15.0,14.2,14.1,16.4,16.6,16.3,RUS,18.4
172,Russian Federation,0.0,20.2,20.8,16.1,17.1,15.5,15.0,14.2,14.1,16.4,16.6,16.3,RUS,18.4
173,Rwanda,0.0,0.7,1.0,2.2,3.8,4.1,4.3,3.1,1.9,1.9,2.0,2.1,RWA,0.4
174,Saint Lucia,0.0,30.7,31.7,36.0,42.1,38.5,38.8,45.2,46.1,49.1,45.5,45.0,LCA,32.2
175,Saint Vincent and the Grenadines,0.0,35.8,38.4,38.7,39.3,38.9,38.5,38.1,38.9,38.6,39.3,39.6,VCT,36.0
176,Samoa,0.0,7.3,10.8,6.0,13.8,16.5,18.4,18.4,18.1,18.1,18.1,18.0,WSM,4.3
177,Sao Tome and Principe,0.0,26.4,26.4,31.8,27.8,26.8,26.3,26.2,26.2,26.2,26.7,27.1,STP,26.4
178,Saudi Arabia,0.0,22.2,24.3,30.9,29.1,28.5,27.4,28.8,30.1,29.0,34.6,34.7,SAU,29.6
179,Senegal,0.0,8.7,8.7,13.2,12.9,12.5,10.8,9.0,7.3,5.3,5.4,5.5,SEN,8.7
180,Serbia,0.0,28.6,27.3,46.3,45.6,50.5,50.6,48.8,46.7,42.6,34.4,32.8,SRB,24.8
181,Sierra Leone,0.0,5.0,5.1,5.6,7.9,8.3,8.8,9.3,9.5,9.4,9.3,9.0,SLE,5.0
182,Singapore,0.0,7.1,7.5,10.7,7.1,6.7,6.5,6.3,6.3,3.8,4.1,4.6,SGP,3.8
183,Slovakia,0.0,24.7,36.8,30.1,33.7,33.5,34.0,33.7,29.7,26.5,22.2,18.2,SVK,22.6
184,Slovenia,0.0,18.7,16.4,16.0,14.7,15.8,20.7,21.7,20.2,16.3,15.3,13.3,SVN,22.2
185,Solomon Islands,0.0,4.6,4.3,4.6,4.5,4.6,4.5,4.4,4.4,4.4,4.4,4.4,SLB,4.6
186,Somalia,0.0,11.1,11.1,11.1,11.1,11.1,11.1,11.1,11.1,11.1,11.0,11.0,SOM,11.1
187,South Africa,0.0,34.4,47.3,48.3,51.2,50.3,51.7,51.4,51.3,50.1,53.4,57.4,ZAF,52.3
188,South Sudan,0.0,18.6,18.3,18.5,18.4,17.3,16.4,20.4,18.6,18.2,17.4,17.6,SSD,18.1
189,Spain,0.0,41.8,25.2,19.7,41.7,46.4,53.1,55.7,53.4,48.5,44.6,39.4,ESP,30.7
190,Sri Lanka,0.0,34.8,24.2,27.0,19.0,17.0,16.9,20.0,20.8,20.6,22.1,20.7,LKA,41.9
191,Sudan,0.0,28.2,28.9,27.2,27.3,26.8,26.8,27.7,27.1,27.6,28.0,28.4,SDN,28.6
192,Suriname,0.0,27.8,30.9,23.4,17.9,16.5,15.0,15.4,15.8,13.3,15.7,15.9,SUR,53.0
193,Sweden,0.0,21.5,12.3,21.6,24.5,22.5,23.4,23.2,22.5,20.0,18.8,18.3,SWE,7.9
194,Switzerland,0.0,5.5,5.0,8.8,8.2,7.7,8.3,8.7,8.6,8.8,8.6,8.4,CHE,3.2
195,Syrian Arab Republic,0.0,13.6,4.5,20.4,20.1,35.6,34.9,34.7,34.7,34.7,35.1,34.9,SYR,12.6
196,Tajikistan,0.0,14.8,21.4,20.5,22.0,20.2,19.0,18.7,18.5,18.3,18.5,18.9,TJK,14.8
197,Tanzania (United Republic of),0.0,7.7,8.7,8.4,5.9,7.1,6.5,5.8,3.7,3.7,3.8,3.9,TZA,6.9
198,Thailand,0.0,2.4,6.8,4.9,2.6,3.0,2.8,2.5,3.2,3.2,5.1,5.9,THA,7.1
199,The former Yugoslav Republic of Macedonia,0.0,58.9,55.2,64.7,53.7,55.3,53.9,51.9,53.1,47.3,48.2,46.9,0,61.6
200,Timor-Leste,0.0,20.2,21.1,16.5,12.0,11.8,11.6,11.5,11.6,11.5,11.5,11.6,TLS,20.2
201,Togo,0.0,2.8,2.7,2.7,2.8,2.8,2.8,2.8,2.8,2.8,2.8,2.8,TGO,2.8
202,Tonga,0.0,5.1,10.0,7.3,2.7,2.7,2.6,2.7,2.7,2.7,2.8,2.8,TON,3.1
203,Trinidad and Tobago,0.0,30.8,23.3,16.4,14.0,11.2,12.4,9.2,7.9,8.4,10.2,11.4,TTO,33.5
204,Tunisia,0.0,31.7,33.2,28.0,29.5,42.6,38.4,34.7,34.5,35.1,36.1,35.8,TUN,31.9
205,Turkey,0.0,15.6,13.1,19.9,19.7,16.7,15.7,16.9,17.8,18.5,19.5,20.3,TUR,15.4
206,Turkey,0.0,15.6,13.1,19.9,19.7,16.7,15.7,16.9,17.8,18.5,19.5,20.3,TUR,15.4
207,Turkey,0.0,15.6,13.1,19.9,19.7,16.7,15.7,16.9,17.8,18.5,19.5,20.3,TUR,15.4
208,Turkey,0.0,15.6,13.1,19.9,19.7,16.7,15.7,16.9,17.8,18.5,19.5,20.3,TUR,15.4
209,Turkmenistan,0.0,5.2,7.3,7.0,7.8,6.8,6.5,6.5,6.3,6.4,6.5,6.5,TKM,5.2
210,Uganda,0.0,2.6,4.5,2.8,6.0,5.7,5.3,2.7,2.7,2.7,2.8,2.9,UGA,1.9
211,Ukraine,0.0,12.1,24.9,14.9,17.4,17.3,17.1,17.4,23.3,22.5,22.0,23.3,UKR,12.1
212,United Arab Emirates,0.0,4.8,6.0,8.1,11.0,10.3,9.2,8.3,7.3,6.4,4.9,5.1,ARE,4.6
213,United Kingdom,0.0,15.6,12.0,12.7,19.9,21.3,21.2,20.7,17.0,14.6,13.0,11.7,GBR,13.9
214,United States,0.0,12.0,9.2,11.2,18.3,17.2,16.1,15.5,13.3,11.5,10.3,9.5,USA,13.4
215,Uruguay,0.0,25.0,31.7,30.5,20.7,18.1,18.6,19.2,19.3,22.7,23.9,24.5,URY,24.7
216,Uzbekistan,0.0,11.9,15.7,15.6,15.6,15.6,15.6,15.6,15.6,15.6,15.0,14.6,UZB,11.9
217,Vanuatu,0.0,10.5,10.7,10.6,10.5,10.5,10.5,10.5,10.5,10.5,10.6,10.6,VUT,10.6
218,Venezuela (Bolivarian Republic of),0.0,19.9,26.1,22.8,17.2,16.4,16.1,17.3,14.6,14.5,17.0,17.6,VEN,18.1
219,Viet Nam,0.0,4.8,5.7,5.2,7.4,5.8,5.2,5.7,5.7,6.6,7.0,7.0,VNM,4.7
220,Yemen,0.0,17.6,20.8,27.2,33.7,28.7,28.0,26.5,24.6,23.7,24.8,25.5,YEM,17.3
221,Zambia,0.0,32.7,21.7,18.6,26.8,20.1,15.3,15.3,15.3,15.2,15.3,15.4,ZMB,36.1
222,Zimbabwe,0.0,12.5,12.1,7.5,8.4,8.5,11.5,11.5,11.4,11.4,11.4,11.4,ZWE,11.4
223,Andorra,0.0,0.0,0.0,0.0,0.0,0.0,0.0,0.0,0.0,0.0,0.0,0.0,AND,0.0
224,Antigua and Barbuda,0.0,0.0,0.0,0.0,0.0,0.0,0.0,0.0,0.0,0.0,0.0,0.0,ATG,0.0
225,Dominica,0.0,0.0,0.0,0.0,0.0,0.0,0.0,0.0,0.0,0.0,0.0,0.0,DMA,0.0
226,Grenada,0.0,0.0,0.0,0.0,0.0,0.0,0.0,0.0,0.0,0.0,0.0,0.0,GRD,0.0
227,Kiribati,0.0,0.0,0.0,0.0,0.0,0.0,0.0,0.0,0.0,0.0,0.0,0.0,KIR,0.0
228,Liechtenstein,0.0,0.0,0.0,0.0,0.0,0.0,0.0,0.0,0.0,0.0,0.0,0.0,LIE,0.0
229,Marshall Islands,0.0,0.0,0.0,0.0,0.0,0.0,0.0,0.0,0.0,0.0,0.0,0.0,MHL,0.0
230,Micronesia (Federated States of),0.0,0.0,0.0,0.0,0.0,0.0,0.0,0.0,0.0,0.0,0.0,0.0,FSM,0.0
231,Monaco,0.0,0.0,0.0,0.0,0.0,0.0,0.0,0.0,0.0,0.0,0.0,0.0,MCO,0.0
232,Nauru,0.0,0.0,0.0,0.0,0.0,0.0,0.0,0.0,0.0,0.0,0.0,0.0,NRU,0.0
233,Palau,0.0,0.0,0.0,0.0,0.0,0.0,0.0,0.0,0.0,0.0,0.0,0.0,PLW,0.0
234,Saint Kitts and Nevis,0.0,0.0,0.0,0.0,0.0,0.0,0.0,0.0,0.0,0.0,0.0,0.0,KNA,0.0
235,San Marino,0.0,0.0,0.0,0.0,0.0,0.0,0.0,0.0,0.0,0.0,0.0,0.0,SMR,0.0
236,Seychelles,0.0,0.0,0.0,0.0,0.0,0.0,0.0,0.0,0.0,0.0,0.0,0.0,SYC,0.0
237,Tuvalu,0.0,0.0,0.0,0.0,0.0,0.0,0.0,0.0,0.0,0.0,0.0,0.0,TUV,0.0
0,Afghanistan,0.0,73.7,78.5,73.8,67.2,66.6,65.4,65.1,65.3,65.8,66.0,66.1,AFG,62.0
1,Albania,0.0,69.4,66.1,63.3,54.6,59.0,62.6,57.9,56.4,56.7,57.1,57.2,ALB,46.8
2,Algeria,0.0,32.5,31.4,30.6,29.8,29.5,26.8,27.0,27.0,27.8,27.8,27.9,DZA,33.0
3,Angola,0.0,64.2,61.1,70.9,67.8,67.6,67.6,67.5,67.7,67.2,66.6,66.7,AGO,72.8
4,Argentina,0.0,24.1,22.9,21.4,19.5,19.7,19.7,20.5,21.3,21.4,21.2,21.4,ARG,24.9
5,Armenia,0.0,56.8,57.2,57.3,42.5,43.2,42.6,42.2,43.3,41.9,40.3,41.6,ARM,44.5
6,Armenia,0.0,56.8,57.2,57.3,42.5,43.2,42.6,42.2,43.3,41.9,40.3,41.6,ARM,44.5
7,Armenia,0.0,56.8,57.2,57.3,42.5,43.2,42.6,42.2,43.3,41.9,40.3,41.6,ARM,44.5
8,Armenia,0.0,56.8,57.2,57.3,42.5,43.2,42.6,42.2,43.3,41.9,40.3,41.6,ARM,44.5
9,Australia,0.0,12.5,12.5,12.2,11.6,11.3,10.8,10.5,10.9,10.8,10.9,10.8,AUS,12.6
10,Austria,0.0,9.4,8.5,8.4,9.1,8.6,8.4,8.8,8.6,8.5,8.2,8.1,AUT,10.5
11,Azerbaijan,0.0,65.6,68.6,72.8,56.0,57.5,57.1,56.5,57.0,55.5,55.1,56.1,AZE,71.3
12,Azerbaijan,0.0,65.6,68.6,72.8,56.0,57.5,57.1,56.5,57.0,55.5,55.1,56.1,AZE,71.3
13,Azerbaijan,0.0,65.6,68.6,72.8,56.0,57.5,57.1,56.5,57.0,55.5,55.1,56.1,AZE,71.3
14,Azerbaijan,0.0,65.6,68.6,72.8,56.0,57.5,57.1,56.5,57.0,55.5,55.1,56.1,AZE,71.3
15,Bahamas,0.0,13.9,13.8,12.8,14.7,14.8,14.9,15.0,15.2,14.6,14.5,14.6,BHS,12.1
16,Bahrain,0.0,1.8,1.7,2.2,2.0,2.0,2.0,2.0,1.9,1.8,1.9,1.8,BHR,3.4
17,Bangladesh,0.0,66.9,64.9,63.9,61.0,61.4,60.8,59.9,59.3,58.6,57.7,57.5,BGD,68.1
18,Barbados,0.0,12.6,12.6,16.6,16.2,16.1,16.0,15.9,15.8,15.8,15.9,15.9,BRB,11.8
19,Belarus,0.0,2.3,2.6,2.3,2.5,2.4,2.4,2.3,2.4,2.5,2.6,2.7,BLR,2.4
20,Belgium,0.0,16.1,11.5,10.6,9.9,10.2,10.3,10.8,10.5,10.9,10.7,10.8,BEL,16.0
21,Belize,0.0,25.6,25.9,23.6,24.1,24.3,23.4,23.1,22.9,22.5,26.3,26.8,BLZ,23.5
22,Benin,0.0,90.9,90.6,90.6,90.2,88.5,88.3,88.1,87.8,87.9,87.9,88.0,BEN,91.2
23,Bhutan,0.0,73.7,71.7,68.6,68.1,69.5,69.0,70.1,69.5,71.4,71.4,71.5,BTN,84.8
24,Bolivia (Plurinational State of),0.0,36.8,34.9,35.2,35.5,35.8,35.3,34.5,33.8,32.2,31.3,31.3,BOL,38.0
25,Bosnia and Herzegovina,0.0,34.3,24.4,22.8,25.3,24.1,26.3,24.3,18.5,20.8,20.7,20.9,BIH,26.0
26,Botswana,0.0,35.7,21.8,17.9,15.2,16.0,15.6,15.5,15.3,15.0,15.0,15.0,BWA,32.2
27,Brazil,0.0,35.7,28.3,29.8,26.0,25.6,26.0,26.2,26.0,27.0,27.5,27.9,BRA,34.3
28,Brunei Darussalam,0.0,4.3,4.0,4.5,4.6,4.5,4.5,4.5,4.6,5.0,5.1,5.1,BRN,4.2
29,Bulgaria,0.0,12.8,14.1,10.3,9.0,8.5,8.0,8.3,8.7,8.5,8.2,8.2,BGR,9.7
30,Burkina Faso,0.0,91.2,89.8,89.7,88.7,88.5,88.3,88.0,87.7,87.4,87.2,87.2,BFA,90.7
31,Burundi,0.0,93.2,93.6,93.3,92.5,92.5,92.5,92.4,92.3,92.7,92.4,92.4,BDI,93.8
32,Cabo Verde,0.0,48.3,44.5,41.5,38.9,38.6,38.4,38.2,38.0,37.9,37.7,37.5,CPV,51.8
33,Cambodia,0.0,89.4,84.6,85.4,56.1,54.8,53.9,53.3,53.0,52.0,51.1,51.0,KHM,92.0
34,Cameroon,0.0,81.2,78.0,71.4,72.5,72.4,72.2,72.0,71.4,71.5,71.7,71.7,CMR,80.5
35,Canada,0.0,9.5,10.6,10.3,10.8,10.6,10.7,10.7,10.7,10.6,10.7,11.0,CAN,8.3
36,Central African Republic,0.0,70.0,72.9,74.0,72.6,72.4,71.8,67.9,67.5,67.4,67.3,67.5,CAF,69.8
37,Chad,0.0,94.3,93.7,92.2,92.0,91.6,91.7,91.5,91.4,91.4,91.5,91.5,TCD,94.8
38,Chile,0.0,28.0,27.5,27.0,22.8,23.0,22.2,22.5,23.0,22.7,23.7,23.9,CHL,25.9
39,China,0.0,58.0,53.3,45.3,36.9,35.4,34.6,34.0,33.5,33.4,33.0,33.0,CHN,67.2
40,Colombia,0.0,46.0,46.4,43.2,48.0,48.4,47.7,47.3,46.8,46.7,47.1,47.1,COL,48.5
41,Comoros,0.0,68.4,66.7,66.3,65.2,64.9,65.0,64.7,64.3,64.0,63.9,63.9,COM,68.6
42,Congo,0.0,78.8,77.0,76.1,75.3,74.9,74.9,74.7,74.5,74.7,74.9,74.9,COG,79.9
43,Congo,0.0,78.8,77.0,76.1,75.3,74.9,74.9,74.7,74.5,74.7,74.9,74.9,COD,79.9
44,Congo,0.0,78.8,77.0,76.1,75.3,74.9,74.9,74.7,74.5,74.7,74.9,74.9,COD,79.9
45,Congo (Democratic Republic of the),0.0,60.1,58.3,57.4,55.5,55.0,54.6,54.0,53.4,53.5,53.5,53.5,COD,60.9
46,Congo (Democratic Republic of the),0.0,60.1,58.3,57.4,55.5,55.0,54.6,54.0,53.4,53.5,53.5,53.5,COD,60.9
47,Costa Rica,0.0,22.6,23.5,21.2,20.5,14.3,14.2,16.2,15.4,14.9,14.1,14.0,CRI,25.5
48,Croatia,0.0,23.9,18.8,19.9,17.1,17.3,15.3,13.7,10.4,10.4,8.7,8.7,HRV,14.4
49,Cuba,0.0,8.4,11.2,12.6,4.8,8.3,8.7,9.2,10.3,10.2,10.3,10.3,CUB,7.2
50,Cyprus,0.0,20.3,18.3,15.9,14.0,13.6,12.7,13.7,14.4,12.7,12.6,12.6,CYP,24.0
51,Cyprus,0.0,20.3,18.3,15.9,14.0,13.6,12.7,13.7,14.4,12.7,12.6,12.6,CYP,24.0
52,Cyprus,0.0,20.3,18.3,15.9,14.0,13.6,12.7,13.7,14.4,12.7,12.6,12.6,CYP,24.0
53,Cyprus,0.0,20.3,18.3,15.9,14.0,13.6,12.7,13.7,14.4,12.7,12.6,12.6,CYP,24.0
54,Czechia,0.0,11.6,10.9,12.3,14.1,14.4,15.1,14.6,14.6,13.8,14.0,14.2,CZE,6.9
55,Côte d'Ivoire,0.0,78.1,77.2,79.7,79.8,80.2,79.7,74.9,74.6,74.0,73.4,73.3,CIV,78.7
56,Denmark,0.0,5.3,5.0,5.2,5.5,5.5,5.6,5.6,5.4,5.1,5.7,5.8,DNK,6.5
57,Djibouti,0.0,44.3,44.0,42.8,41.3,40.9,40.5,40.3,40.3,39.7,39.2,39.1,DJI,45.2
58,Dominican Republic,0.0,37.7,40.2,41.6,44.3,44.2,43.7,42.3,42.6,41.5,41.2,40.9,DOM,38.2
59,Dominican Republic,0.0,37.7,40.2,41.6,44.3,44.2,43.7,42.3,42.6,41.5,41.2,40.9,DOM,38.2
60,Dominican Republic,0.0,37.7,40.2,41.6,44.3,44.2,43.7,42.3,42.6,41.5,41.2,40.9,DOM,38.2
61,Ecuador,0.0,35.9,35.8,33.4,40.8,41.9,41.8,41.0,39.1,41.3,45.0,45.6,ECU,36.5
62,Egypt,0.0,25.9,22.9,25.0,23.5,23.1,21.8,26.2,25.2,25.3,20.3,20.1,EGY,28.8
63,El Salvador,0.0,38.8,39.6,41.0,37.6,38.0,37.6,37.7,35.4,36.1,36.0,35.7,SLV,34.0
64,Equatorial Guinea,0.0,55.2,43.8,37.6,36.0,36.0,35.7,35.5,35.4,35.6,35.9,35.7,GNQ,61.4
65,Eritrea,0.0,51.7,47.6,51.3,48.8,47.5,47.5,47.4,46.9,46.7,46.4,46.3,ERI,56.2
66,Estonia,0.0,6.8,5.1,5.3,5.0,4.8,5.1,5.4,5.7,5.7,5.6,5.7,EST,6.4
67,Eswatini (Kingdom of),0.0,20.3,20.6,19.8,19.5,19.4,19.2,19.3,19.1,19.1,19.1,19.1,SWZ,20.9
68,Ethiopia,0.0,92.0,92.3,91.5,90.1,89.8,90.1,89.5,89.0,88.5,88.2,88.2,GNB,91.4
69,Ethiopia,0.0,92.0,92.3,91.5,90.1,89.8,90.1,89.5,89.0,88.5,88.2,88.2,GNB,91.4
70,Ethiopia,0.0,92.0,92.3,91.5,90.1,89.8,90.1,89.5,89.0,88.5,88.2,88.2,GNB,91.4
71,Fiji,0.0,39.7,40.4,39.6,41.0,40.7,40.3,39.4,39.5,38.7,38.3,38.4,HKG,41.0
72,Fiji,0.0,39.7,40.4,39.6,41.0,40.7,40.3,39.4,39.5,38.7,38.3,38.4,HKG,41.0
73,Finland,0.0,12.2,9.3,8.8,9.3,9.3,9.6,9.5,9.8,10.0,10.0,10.1,IRN,14.9
74,Finland,0.0,12.2,9.3,8.8,9.3,9.3,9.6,9.5,9.8,10.0,10.0,10.1,IRN,14.9
75,France,0.0,9.0,7.2,6.6,7.1,7.2,7.2,7.0,7.4,7.4,7.6,7.6,IRQ,10.5
76,France,0.0,9.0,7.2,6.6,7.1,7.2,7.2,7.0,7.4,7.4,7.6,7.6,IRQ,10.5
77,France,0.0,9.0,7.2,6.6,7.1,7.2,7.2,7.0,7.4,7.4,7.6,7.6,IRQ,10.5
78,Gabon,0.0,49.5,32.9,31.9,31.2,30.2,30.2,30.3,30.7,31.6,32.1,32.2,GAB,50.1
79,Gambia,0.0,74.4,74.6,75.8,76.0,73.7,74.0,73.5,72.3,72.4,71.2,71.2,GMB,73.4
80,Georgia,0.0,58.0,60.7,64.5,60.7,60.6,60.0,60.1,59.1,56.2,56.4,57.0,GEO,35.8
81,Georgia,0.0,58.0,60.7,64.5,60.7,60.6,60.0,60.1,59.1,56.2,56.4,57.0,GEO,35.8
82,Georgia,0.0,58.0,60.7,64.5,60.7,60.6,60.0,60.1,59.1,56.2,56.4,57.0,GEO,35.8
83,Georgia,0.0,58.0,60.7,64.5,60.7,60.6,60.0,60.1,59.1,56.2,56.4,57.0,GEO,35.8
84,Germany,0.0,5.7,5.9,7.5,6.8,6.9,6.9,6.5,6.4,6.1,6.0,6.0,DEU,5.2
85,Ghana,0.0,79.9,79.5,79.4,75.6,70.5,69.1,68.3,67.4,66.7,66.1,66.1,GHA,81.4
86,Greece,0.0,39.7,34.0,28.2,27.8,28.5,29.6,30.4,29.7,28.2,26.7,26.5,GRC,40.5
87,Guatemala,0.0,63.2,61.8,44.4,43.2,40.7,44.3,40.7,37.6,36.9,34.6,34.7,GTM,64.4
88,Guinea,0.0,91.2,91.2,91.0,90.8,90.8,90.5,90.1,90.1,90.1,90.1,90.1,GIN,91.2
89,Guinea,0.0,91.2,91.2,91.0,90.8,90.8,90.5,90.1,90.1,90.1,90.1,90.1,GNB,91.2
90,Guinea,0.0,91.2,91.2,91.0,90.8,90.8,90.5,90.1,90.1,90.1,90.1,90.1,GNB,91.2
91,Guinea,0.0,91.2,91.2,91.0,90.8,90.8,90.5,90.1,90.1,90.1,90.1,90.1,GNB,91.2
92,Guinea-Bissau,0.0,71.0,64.5,66.0,66.0,65.3,66.3,63.7,62.9,64.2,65.3,65.3,GNB,71.1
93,Guinea-Bissau,0.0,71.0,64.5,66.0,66.0,65.3,66.3,63.7,62.9,64.2,65.3,65.3,GNB,71.1
94,Guinea-Bissau,0.0,71.0,64.5,66.0,66.0,65.3,66.3,63.7,62.9,64.2,65.3,65.3,GNB,71.1
95,Guyana,0.0,34.4,32.5,29.1,29.8,29.7,29.8,28.8,28.1,27.8,29.8,29.7,GUY,38.4
96,Haiti,0.0,86.2,86.3,86.7,87.0,87.2,87.2,87.3,87.4,87.5,87.6,87.5,HTI,84.3
97,Honduras,0.0,46.0,48.6,47.8,53.2,45.2,45.1,42.6,38.7,41.8,37.2,36.1,HND,51.3
98,"Hong Kong, China (SAR)",0.0,5.4,5.7,7.7,6.5,6.7,6.9,6.9,6.2,6.1,6.0,6.0,0,5.5
99,Hungary,0.0,17.7,10.2,7.9,6.9,6.9,6.5,6.1,5.8,5.8,5.8,5.9,HUN,18.4
100,Iceland,0.0,12.2,10.6,8.9,8.5,8.4,8.3,8.5,8.7,8.8,7.9,7.8,ISL,12.8
101,India,0.0,84.9,83.8,85.6,82.2,79.4,79.2,78.8,78.5,78.0,77.5,77.5,IND,84.3
102,Indonesia,0.0,62.6,61.7,59.0,57.3,54.1,51.3,50.1,49.6,47.4,47.5,47.5,IDN,65.4
103,Iran (Islamic Republic of),0.0,43.5,45.6,43.8,40.5,40.0,39.6,40.3,40.3,40.3,41.5,41.4,IRN,45.0
104,Iran (Islamic Republic of),0.0,43.5,45.6,43.8,40.5,40.0,39.6,40.3,40.3,40.3,41.5,41.4,IRN,45.0
105,Iraq,0.0,40.7,38.6,38.7,37.4,37.2,37.0,36.3,35.7,35.6,35.3,35.2,IRQ,37.3
106,Iraq,0.0,40.7,38.6,38.7,37.4,37.2,37.0,36.3,35.7,35.6,35.3,35.2,IRQ,37.3
107,Iraq,0.0,40.7,38.6,38.7,37.4,37.2,37.0,36.3,35.7,35.6,35.3,35.2,IRQ,37.3
108,Iraq,0.0,40.7,38.6,38.7,37.4,37.2,37.0,36.3,35.7,35.6,35.3,35.2,IRQ,37.3
109,Iraq,0.0,40.7,38.6,38.7,37.4,37.2,37.0,36.3,35.7,35.6,35.3,35.2,IRQ,37.3
110,Iraq,0.0,40.7,38.6,38.7,37.4,37.2,37.0,36.3,35.7,35.6,35.3,35.2,IRQ,37.3
111,Ireland,0.0,16.4,13.2,11.4,11.8,11.7,11.7,12.7,12.7,12.6,12.3,11.9,IRL,18.2
112,Israel,0.0,7.4,7.4,7.7,8.0,7.9,7.9,7.8,8.0,8.1,12.3,12.2,ISR,7.7
113,Italy,0.0,16.4,15.3,19.6,18.6,18.4,18.4,17.9,18.1,17.8,17.5,17.7,ITA,27.5
114,Jamaica,0.0,37.6,38.1,34.7,37.4,37.3,37.7,37.8,37.9,38.1,37.9,37.9,JAM,42.4
115,Japan,0.0,18.0,16.3,14.5,12.1,11.7,9.6,9.4,9.4,9.1,8.6,8.8,JPN,20.8
116,Jordan,0.0,12.8,12.1,10.6,9.6,9.4,9.7,9.8,9.7,9.6,9.5,9.5,JOR,13.6
117,Kazakhstan,0.0,38.7,38.4,34.6,31.1,30.4,29.3,28.6,24.6,25.6,25.1,25.6,KAZ,44.4
118,Kazakhstan,0.0,38.7,38.4,34.6,31.1,30.4,29.3,28.6,24.6,25.6,25.1,25.6,KAZ,44.4
119,Kazakhstan,0.0,38.7,38.4,34.6,31.1,30.4,29.3,28.6,24.6,25.6,25.1,25.6,KAZ,44.4
120,Kazakhstan,0.0,38.7,38.4,34.6,31.1,30.4,29.3,28.6,24.6,25.6,25.1,25.6,KAZ,44.4
121,Kenya,0.0,60.0,58.8,57.6,56.6,56.2,55.6,55.3,54.8,54.7,54.5,54.3,KEN,60.4
122,Korea (Democratic People's Rep. of),0.0,63.4,66.7,65.3,65.1,64.4,64.3,64.4,64.9,65.5,66.0,66.0,PRK,53.4
123,Korea (Republic of),0.0,35.5,35.5,32.2,27.4,26.9,26.9,26.0,25.4,24.5,24.1,24.1,KOR,36.2
124,Kuwait,0.0,2.4,2.3,2.1,2.0,1.9,1.9,1.9,1.9,1.9,1.9,1.9,KWT,1.4
125,Kyrgyzstan,0.0,55.1,54.7,49.1,38.0,37.8,37.8,43.5,42.7,39.3,36.7,36.5,KGZ,45.3
126,Lao People's Democratic Republic,0.0,90.0,90.0,88.1,83.9,82.9,84.5,84.6,84.5,84.0,82.9,82.9,LAO,91.1
127,Latvia,0.0,10.9,10.8,8.2,7.6,7.7,7.5,7.4,7.6,8.3,8.7,8.9,LVA,11.9
128,Lebanon,0.0,33.9,32.4,28.3,26.9,26.0,26.1,26.2,26.0,25.6,25.8,25.6,LBN,36.5
129,Lesotho,0.0,64.9,63.6,62.1,60.9,60.2,60.0,59.7,59.4,59.2,59.1,59.0,LSO,65.7
130,Liberia,0.0,84.2,80.1,80.7,79.2,78.3,77.9,77.5,77.2,77.8,77.7,77.7,LBR,79.4
131,Libya,0.0,37.4,37.5,36.5,34.8,31.4,37.7,33.5,32.3,36.3,36.6,36.0,LBY,39.0
132,Lithuania,0.0,15.2,18.0,15.2,8.6,8.2,8.9,9.6,9.9,10.0,10.0,10.2,LTU,13.0
133,Luxembourg,0.0,5.0,3.4,5.3,4.9,6.0,5.8,6.2,6.4,6.2,6.1,6.1,LUX,7.2
134,Madagascar,0.0,82.0,82.4,89.1,88.5,86.1,86.1,85.9,85.9,85.6,85.4,85.4,MDG,86.7
135,Malawi,0.0,67.9,65.4,64.4,62.1,61.3,61.7,61.2,60.6,60.4,60.0,59.9,MWI,68.1
136,Malaysia,0.0,24.9,22.8,21.2,21.4,19.7,21.4,22.2,21.1,22.0,22.2,22.2,MYS,29.1
137,Maldives,0.0,56.5,64.3,30.8,25.8,24.2,23.5,23.9,22.8,21.3,20.9,20.7,MDV,63.7
138,Mali,0.0,89.3,88.1,87.4,90.1,90.1,90.5,90.3,90.5,89.3,88.1,87.9,MLI,90.9
139,Malta,0.0,11.4,9.6,9.4,10.0,9.3,9.2,9.5,9.5,9.6,9.1,8.8,MLT,12.8
140,Mauritania,0.0,55.0,53.6,49.8,45.2,44.8,44.3,44.1,44.4,45.4,45.1,45.0,MRT,55.5
141,Mauritius,0.0,15.6,17.4,16.8,16.1,15.3,16.7,17.3,17.2,17.0,16.2,16.2,MUS,15.9
142,Mexico,0.0,37.1,31.7,30.7,28.8,28.8,28.4,28.4,28.0,27.7,27.1,27.2,MEX,36.8
143,Moldova (Republic of),0.0,29.2,30.3,30.1,28.8,28.6,26.2,29.2,28.2,27.6,28.8,28.7,MDA,28.3
144,Mongolia,0.0,52.9,57.1,66.8,56.3,54.9,51.5,49.8,48.9,49.5,46.9,46.9,MNG,59.9
145,Montenegro,0.0,12.4,18.0,17.2,15.6,10.0,9.4,12.2,12.2,11.9,11.7,11.7,MNE,11.5
146,Morocco,0.0,55.3,59.3,59.1,52.0,52.9,52.1,52.0,51.5,51.3,50.9,50.7,MAR,49.1
147,Mozambique,0.0,90.5,87.4,87.2,86.8,86.5,86.2,85.8,85.3,85.1,84.7,84.6,MOZ,91.2
148,Myanmar,0.0,84.5,81.3,73.0,62.8,61.6,60.9,60.0,58.4,57.6,58.2,58.2,MMR,87.2
149,Namibia,0.0,30.3,27.5,36.8,35.1,32.5,32.2,32.8,30.4,25.6,25.3,25.3,NAM,43.3
150,Nepal,0.0,73.6,72.9,82.1,80.5,80.3,80.1,79.7,79.2,79.0,79.0,78.9,NPL,74.9
151,Netherlands,0.0,8.7,8.0,8.7,11.1,11.3,11.6,12.2,12.7,13.1,12.9,12.7,NLD,8.2
152,New Zealand,0.0,12.8,13.7,12.0,11.8,12.4,11.8,10.8,11.6,11.3,12.2,12.2,NZL,12.6
153,Nicaragua,0.0,48.2,46.3,45.4,41.4,41.0,41.2,41.2,40.5,39.9,39.5,39.4,NIC,48.0
154,Niger,0.0,89.3,89.9,90.5,90.0,89.5,89.5,89.0,88.8,88.7,88.6,88.5,NER,89.5
155,Nigeria,0.0,83.4,82.4,82.9,81.3,80.3,79.9,79.5,79.6,80.3,80.3,80.4,NGA,82.9
156,Norway,0.0,6.2,5.8,6.0,5.6,5.2,5.2,5.1,5.4,5.3,5.2,5.2,NOR,10.4
157,Oman,0.0,11.4,10.4,9.9,9.5,9.3,9.3,9.2,9.2,9.1,9.1,9.1,OMN,12.0
158,Pakistan,0.0,64.7,63.6,61.2,62.0,61.4,58.9,58.9,58.9,58.9,59.7,59.7,PAK,65.7
159,"Palestine, State of",0.0,48.1,44.5,44.4,42.3,41.8,41.0,40.4,40.1,40.0,39.7,39.9,0,48.7
160,Panama,0.0,29.4,30.5,31.9,31.0,29.1,29.3,29.9,29.9,32.4,32.3,32.2,PAN,32.9
161,Papua New Guinea,0.0,68.3,70.1,79.9,78.8,78.2,78.8,78.8,77.7,75.0,74.7,74.7,PNG,75.4
162,Paraguay,0.0,47.9,47.6,48.9,42.0,41.4,42.1,38.1,37.2,38.7,39.1,39.1,PRY,51.1
163,Peru,0.0,55.0,53.9,54.8,51.2,51.5,50.1,49.9,50.5,50.0,50.4,50.3,PER,54.7
164,Philippines,0.0,43.3,46.3,44.9,41.9,41.5,39.6,38.6,39.3,35.9,35.5,35.4,PHL,42.6
165,Poland,0.0,28.6,23.6,21.9,18.8,18.6,18.2,17.6,17.2,17.3,16.8,17.0,POL,24.6
166,Portugal,0.0,21.4,19.9,20.0,18.0,16.4,17.1,16.7,14.5,13.6,13.0,13.1,PRT,25.2
167,Qatar,0.0,0.8,0.6,0.3,0.3,0.3,0.3,0.3,0.1,0.2,0.2,0.2,QAT,0.8
168,Romania,0.0,37.4,45.0,33.7,33.9,32.0,32.1,31.5,30.9,27.8,25.5,25.7,ROU,26.8
169,Russian Federation,0.0,2.2,7.8,6.2,5.5,5.8,5.7,6.0,5.9,6.0,6.2,6.3,RUS,1.0
170,Russian Federation,0.0,2.2,7.8,6.2,5.5,5.8,5.7,6.0,5.9,6.0,6.2,6.3,RUS,1.0
171,Russian Federation,0.0,2.2,7.8,6.2,5.5,5.8,5.7,6.0,5.9,6.0,6.2,6.3,RUS,1.0
172,Russian Federation,0.0,2.2,7.8,6.2,5.5,5.8,5.7,6.0,5.9,6.0,6.2,6.3,RUS,1.0
173,Rwanda,0.0,93.3,92.5,84.9,81.3,81.0,80.9,80.7,80.4,79.9,80.0,80.0,RWA,92.5
174,Saint Lucia,0.0,25.8,29.5,29.8,29.1,29.2,29.1,29.0,28.8,28.8,28.8,29.1,LCA,24.3
175,Saint Vincent and the Grenadines,0.0,20.1,10.3,9.7,9.5,9.4,9.4,9.3,9.2,9.2,9.1,9.1,VCT,20.3
176,Samoa,0.0,57.7,56.3,52.8,31.3,31.1,30.9,31.1,31.6,31.8,31.8,32.0,WSM,55.9
177,Sao Tome and Principe,0.0,52.9,50.2,50.4,34.3,34.3,34.2,34.3,33.6,34.1,34.2,34.1,STP,51.4
178,Saudi Arabia,0.0,5.9,5.6,4.9,3.7,3.5,3.5,3.5,3.0,2.9,2.9,3.0,SAU,6.3
179,Senegal,0.0,51.0,48.9,46.6,45.7,44.6,44.7,44.4,44.1,44.5,44.4,44.3,SEN,51.2
180,Serbia,0.0,26.0,26.3,24.5,28.8,26.2,26.5,28.7,28.2,26.4,28.1,28.1,SRB,21.0
181,Sierra Leone,0.0,91.6,91.9,89.2,88.3,87.6,87.6,87.2,86.3,84.9,87.6,87.7,SLE,90.1
182,Singapore,0.0,6.6,4.6,10.2,9.3,9.7,9.3,8.7,9.4,8.3,8.3,8.3,SGP,8.3
183,Slovakia,0.0,4.9,5.4,9.5,12.4,12.5,12.5,12.4,12.2,12.1,12.2,12.2,SVK,3.9
184,Slovenia,0.0,13.3,12.4,11.9,13.5,13.3,12.8,13.6,15.1,13.0,10.6,10.6,SVN,9.8
185,Solomon Islands,0.0,58.9,63.9,66.5,65.5,64.1,62.8,62.2,62.7,62.4,62.3,62.7,SLB,63.0
186,Somalia,0.0,74.7,74.3,73.4,72.8,72.7,72.7,72.7,72.5,72.4,72.3,72.3,SOM,74.2
187,South Africa,0.0,11.5,11.5,12.1,10.3,10.2,10.1,9.5,8.9,9.5,9.6,9.6,ZAF,11.2
188,South Sudan,0.0,53.5,51.8,50.2,46.8,48.1,44.9,50.3,49.0,49.6,49.8,49.7,SSD,53.8
189,Spain,0.0,20.3,14.5,12.9,11.2,11.3,12.1,12.8,12.6,12.4,12.0,11.9,ESP,21.4
190,Sri Lanka,0.0,37.8,41.3,37.6,41.9,42.1,40.7,41.2,40.8,40.4,40.1,40.1,LKA,38.6
191,Sudan,0.0,50.4,48.4,45.4,43.1,42.1,41.3,41.5,41.1,41.0,40.5,40.5,SDN,52.4
192,Suriname,0.0,13.9,17.2,15.3,14.1,14.1,13.9,13.3,13.0,12.3,13.2,13.6,SUR,12.5
193,Sweden,0.0,8.4,7.2,6.9,7.1,6.8,6.8,6.8,6.7,6.7,6.4,6.4,SWE,8.8
194,Switzerland,0.0,11.9,9.7,9.7,9.3,9.5,9.1,9.3,9.3,9.1,9.1,9.5,CHE,11.0
195,Syrian Arab Republic,0.0,43.8,43.4,35.4,32.6,33.3,32.7,33.1,34.1,34.5,35.4,35.6,SYR,46.6
196,Tajikistan,0.0,39.3,46.8,47.3,48.5,52.8,52.8,53.2,51.2,49.5,48.2,47.5,TJK,36.0
197,Tanzania (United Republic of),0.0,94.3,92.3,87.5,85.6,85.5,80.5,80.4,83.9,83.7,83.5,83.5,TZA,90.7
198,Thailand,0.0,61.5,57.2,53.1,52.7,55.5,56.1,50.7,49.8,48.8,50.2,50.2,THA,67.1
199,The former Yugoslav Republic of Macedonia,0.0,22.4,25.3,25.9,25.6,24.7,24.4,24.8,24.8,24.6,22.8,22.8,0,19.5
200,Timor-Leste,0.0,63.8,71.6,72.5,67.1,65.9,65.4,65.1,64.7,65.2,49.5,49.4,TLS,62.9
201,Togo,0.0,83.4,81.2,82.0,79.2,79.1,81.8,80.9,81.1,80.6,80.5,80.3,TGO,82.4
202,Tonga,0.0,57.0,55.2,55.4,56.1,54.7,54.4,56.0,56.2,55.3,54.3,54.5,TON,58.9
203,Trinidad and Tobago,0.0,21.1,17.9,15.8,16.7,16.6,16.2,15.8,16.8,16.8,16.5,16.5,TTO,20.1
204,Tunisia,0.0,33.7,31.1,29.6,24.8,22.9,21.5,21.1,21.0,20.8,20.9,20.8,TUN,23.7
205,Turkey,0.0,57.6,43.0,38.8,33.9,33.3,32.2,31.4,29.5,28.6,28.0,28.5,TUR,57.9
206,Turkey,0.0,57.6,43.0,38.8,33.9,33.3,32.2,31.4,29.5,28.6,28.0,28.5,TUR,57.9
207,Turkey,0.0,57.6,43.0,38.8,33.9,33.3,32.2,31.4,29.5,28.6,28.0,28.5,TUR,57.9
208,Turkey,0.0,57.6,43.0,38.8,33.9,33.3,32.2,31.4,29.5,28.6,28.0,28.5,TUR,57.9
209,Turkmenistan,0.0,22.7,31.2,26.4,22.2,24.4,22.9,22.5,22.6,21.4,21.1,21.1,TKM,23.0
210,Uganda,0.0,90.1,86.2,78.8,77.2,76.4,76.4,76.2,75.8,75.4,74.6,74.5,UGA,91.1
211,Ukraine,0.0,9.3,15.9,15.9,17.9,18.2,17.8,18.2,14.6,14.8,15.7,15.6,UKR,8.5
212,United Arab Emirates,0.0,1.9,1.7,1.6,0.3,0.4,0.3,0.3,0.3,0.3,0.4,0.4,ARE,1.0
213,United Kingdom,0.0,10.2,9.1,10.1,11.4,11.8,12.2,12.2,12.8,12.6,13.1,13.1,GBR,9.9
214,United States,0.0,8.1,7.3,7.2,6.8,6.6,6.6,6.4,6.3,6.3,6.2,6.3,USA,8.6
215,Uruguay,0.0,24.6,23.4,24.8,23.8,23.0,22.4,22.5,22.5,23.2,23.9,23.9,URY,26.8
216,Uzbekistan,0.0,29.5,32.8,31.5,26.7,26.5,26.2,25.9,25.7,25.2,25.3,24.7,UZB,29.8
217,Vanuatu,0.0,75.6,70.7,74.0,70.7,71.2,71.5,71.4,71.1,72.4,73.2,73.5,VUT,75.8
218,Venezuela (Bolivarian Republic of),0.0,28.8,31.3,33.3,30.5,30.5,29.5,29.4,27.9,29.4,31.0,31.9,VEN,32.5
219,Viet Nam,0.0,83.9,81.0,69.7,64.8,63.5,62.6,62.7,62.2,57.7,55.9,55.9,VNM,84.3
220,Yemen,0.0,37.7,35.6,53.5,36.7,42.0,43.4,43.2,42.5,40.6,43.4,43.6,YEM,50.9
221,Zambia,0.0,82.9,82.0,81.3,79.2,78.8,78.6,78.3,78.1,77.9,77.6,77.6,ZMB,82.5
222,Zimbabwe,0.0,59.9,62.6,70.1,68.2,66.8,66.1,65.6,66.1,65.8,65.5,65.7,ZWE,63.4
223,Andorra,0.0,0.0,0.0,0.0,0.0,0.0,0.0,0.0,0.0,0.0,0.0,0.0,AND,0.0
224,Antigua and Barbuda,0.0,0.0,0.0,0.0,0.0,0.0,0.0,0.0,0.0,0.0,0.0,0.0,ATG,0.0
225,Dominica,0.0,0.0,0.0,0.0,0.0,0.0,0.0,0.0,0.0,0.0,0.0,0.0,DMA,0.0
226,Grenada,0.0,0.0,0.0,0.0,0.0,0.0,0.0,0.0,0.0,0.0,0.0,0.0,GRD,0.0
227,Kiribati,0.0,0.0,0.0,0.0,0.0,0.0,0.0,0.0,0.0,0.0,0.0,0.0,KIR,0.0
228,Liechtenstein,0.0,0.0,0.0,0.0,0.0,0.0,0.0,0.0,0.0,0.0,0.0,0.0,LIE,0.0
229,Marshall Islands,0.0,0.0,0.0,0.0,0.0,0.0,0.0,0.0,0.0,0.0,0.0,0.0,MHL,0.0
230,Micronesia (Federated States of),0.0,0.0,0.0,0.0,0.0,0.0,0.0,0.0,0.0,0.0,0.0,0.0,FSM,0.0
231,Monaco,0.0,0.0,0.0,0.0,0.0,0.0,0.0,0.0,0.0,0.0,0.0,0.0,MCO,0.0
232,Nauru,0.0,0.0,0.0,0.0,0.0,0.0,0.0,0.0,0.0,0.0,0.0,0.0,NRU,0.0
233,Palau,0.0,0.0,0.0,0.0,0.0,0.0,0.0,0.0,0.0,0.0,0.0,0.0,PLW,0.0
234,Saint Kitts and Nevis,0.0,0.0,0.0,0.0,0.0,0.0,0.0,0.0,0.0,0.0,0.0,0.0,KNA,0.0
235,San Marino,0.0,0.0,0.0,0.0,0.0,0.0,0.0,0.0,0.0,0.0,0.0,0.0,SMR,0.0
236,Seychelles,0.0,0.0,0.0,0.0,0.0,0.0,0.0,0.0,0.0,0.0,0.0,0.0,SYC,0.0
237,Tuvalu,0.0,0.0,0.0,0.0,0.0,0.0,0.0,0.0,0.0,0.0,0.0,0.0,TUV,0.0
