Country,Country_Code,1990,1995,2000,2005,2010,2011,2012,2013,2014,2015,2016
Afghanistan,AFG,0,0,31,0,0,0,0,0,0,0,0
Albania,ALB,4,0,6.1,0,0,0,0,0,0,0,0
Algeria,DZA,38,0,0,0,0,0,66.9,0,0,0,0
Angola,AGO,0,0,0.4,0.5,0,0,0,0,0,0,0
Antigua and Barbuda,ATG,3.3,0,0,9.8,0,0,8.5,0,0,0,0
Argentina,ARG,0,3.3,0,0,0,4.3,0,0,0,0,0
Armenia,ARM,0,37.6,0,0,0,0,37.9,0,0,42.1,0
Armenia,ARM,0,37.6,0,0,0,0,37.9,0,0,42.1,0
Armenia,ARM,0,37.6,0,0,0,0,37.9,0,0,42.1,0
Armenia,ARM,0,37.6,0,0,0,0,37.9,0,0,42.1,0
Australia,AUS,0,0,0,3.8,0,0,3.1,0,0,3.4,0
Austria,AUT,4.9,0,0,0,4.5,0,0,0,0,0,0
Azerbaijan,AZE,0,0,0,35.2,0,0,34.5,0,0,0,0
Azerbaijan,AZE,0,0,0,35.2,0,0,34.5,0,0,0,0
Azerbaijan,AZE,0,0,0,35.2,0,0,34.5,0,0,0,0
Azerbaijan,AZE,0,0,0,35.2,0,0,34.5,0,0,0,0
Bahrain,BHR,161.1,0,0,0,0,0,0,0,0,0,0
Barbados,BRB,0,0,0,87.5,0,0,0,0,0,0,0
Belarus,BLR,0,3.4,3.2,2.9,2.7,0,0,2.6,0,0,0
Belize,BLZ,0,0,0.5,0,0,0,0,0,0,0,0
Bosnia and Herzegovina,BIH,0,0,0,0.9,0,0,0.9,0.9,0,0,0
Botswana,BWA,0,1.2,1.6,0,0,0,0,0,0,0,0
Brazil,BRA,0,0,0,0,0.9,0,0,0,0,0,0
Bulgaria,BGR,35.2,0,0,0,0,0,26.8,0,0,26.4,0
Burkina Faso,BFA,0,0,0,6.1,0,0,0,0,0,0,0
Burundi,BDI,0,0,2.3,0,0,0,0,0,0,0,0
Cameroon,CMR,0,0,0.3,0,0,0,0,0,0,0,0
Central African Republic,CAF,0,0,0,0.1,0,0,0,0,0,0,0
Chad,TCD,0,0,0,1.9,0,0,0,0,0,0,0
China,CHN,17.6,0,19.4,0,0,0,21.1,0,0,20.9,0
Colombia,COL,0,0,0.3,0,0,0,0,0,0,0,0
Congo (Democratic Republic of the),COD,0,0,0,0.1,0,0,0,0,0,0,0
Congo (Democratic Republic of the),COD,0,0,0,0.1,0,0,0,0,0,0,0
Costa Rica,CRI,0,0,0,0,0,0,0,2.1,0,0,0
Croatia,HRV,0,0,0,0,0,0,0.6,0.6,0,0,0
Cuba,CUB,0,13.7,0,0,0,0,0,18.3,0,0,0
Cyprus,CYP,28.6,0,0,0,0,0,25.7,28.4,0,0,0
Cyprus,CYP,28.6,0,0,0,0,0,25.7,28.4,0,0,0
Cyprus,CYP,28.6,0,0,0,0,0,25.7,28.4,0,0,0
Cyprus,CYP,28.6,0,0,0,0,0,25.7,28.4,0,0,0
Czechia,CZE,0,0,0,0,0,0,14,12.6,0,0,0
CÃ´te d'Ivoire,CIV,1.3,0,1.7,1.8,0,0,0,0,0,0,0
Denmark,DNK,20.8,0,0,0,0,0,10.6,0,0,0,0
Djibouti,DJI,0,0,6.3,0,0,0,0,0,0,0,0
Dominica,DMA,0,0,8.3,0,10,0,0,0,0,0,0
Dominican Republic,DOM,0,0,20.7,23.2,30.4,0,0,0,0,0,0
Dominican Republic,DOM,0,0,20.7,23.2,30.4,0,0,0,0,0,0
Dominican Republic,DOM,0,0,20.7,23.2,30.4,0,0,0,0,0,0
Ecuador,ECU,0,0,2.1,2.2,0,0,0,0,0,0,0
Egypt,EGY,0,100.6,97.8,0,126.6,0,0,0,0,0,0
El Salvador,SLV,0,0,5.2,8.1,0,0,0,0,0,0,0
Equatorial Guinea,GNQ,0,0,0.1,0,0,0,0,0,0,0,0
Eritrea,ERI,0,0,5.7,0,0,0,0,0,0,0,0
Estonia,EST,0,10.6,0,0,0,0,12.7,0,13.4,0,0
Eswatini (Kingdom of),SWZ,0,0,23.1,0,0,0,0,0,0,0,0
Ethiopia,GNB,0,0,0,6.4,0,0,0,0,0,0,8.6
Ethiopia,GNB,0,0,0,6.4,0,0,0,0,0,0,8.6
Ethiopia,GNB,0,0,0,6.4,0,0,0,0,0,0,8.6
Fiji,HKG,0,0,0.3,0.3,0,0,0,0,0,0,0
Fiji,HKG,0,0,0.3,0.3,0,0,0,0,0,0,0
Finland,IRN,2.1,2.4,0,0,0,0,0,0,0,0,0
Finland,IRN,2.1,2.4,0,0,0,0,0,0,0,0,0
France,IRQ,0,0,0,0,0,0,14.1,0,0,0,0
France,IRQ,0,0,0,0,0,0,14.1,0,0,0,0
France,IRQ,0,0,0,0,0,0,14.1,0,0,0,0
Gabon,GAB,0,0,0.1,0.1,0,0,0,0,0,0,0
Gambia,GMB,0,0,1.1,0,0,0,0,0,0,0,0
Georgia,GEO,0,0,0,2.9,0,0,0,0,0,0,0
Georgia,GEO,0,0,0,2.9,0,0,0,0,0,0,0
Georgia,GEO,0,0,0,2.9,0,0,0,0,0,0,0
Georgia,GEO,0,0,0,2.9,0,0,0,0,0,0,0
Germany,DEU,0,29.4,0,0,21.4,0,0,0,0,0,0
Ghana,GHA,0,0,1.7,0,0,0,0,0,0,0,0
Grenada,GRD,0,0,0,5,0,0,0,0,7,0,0
Guinea-Bissau,GNB,0,0,0.6,0,0,0,0,0,0,0,0
Guinea-Bissau,GNB,0,0,0.6,0,0,0,0,0,0,0,0
Guinea-Bissau,GNB,0,0,0.6,0,0,0,0,0,0,0,0
Guyana,GUY,0,0,0.6,0,0.5,0,0,0,0,0,0
Haiti,HTI,0,9.2,0,0,0,0,0,0,0,0,0
Hungary,HUN,0,0,0,0,0,0,4.9,0,0,0,0
Iceland,ISL,0,0,0,0,0,0,2.1,0,0,0.2,0
India,IND,26.2,0,31.9,0,33.9,0,0,0,0,0,0
Indonesia,IDN,3.7,0,5.6,0,0,0,0,0,0,0,0
Iran (Islamic Republic of),IRN,0,50.9,0,0,0,0,0,0,0,0,0
Iran (Islamic Republic of),IRN,0,50.9,0,0,0,0,0,0,0,0,0
Iraq,IRQ,47.6,60.5,73.4,0,0,0,0,0,0,0,0
Iraq,IRQ,47.6,60.5,73.4,0,0,0,0,0,0,0,0
Iraq,IRQ,47.6,60.5,73.4,0,0,0,0,0,0,0,0
Iraq,IRQ,47.6,60.5,73.4,0,0,0,0,0,0,0,0
Iraq,IRQ,47.6,60.5,73.4,0,0,0,0,0,0,0,0
Iraq,IRQ,47.6,60.5,73.4,0,0,0,0,0,0,0,0
Israel,ISR,89,86.1,0,0,0,0,0,0,0,0,0
Italy,ITA,0,0,23.6,0,0,0,0,0,0,0,0
Jordan,JOR,0,0,0,0,0,0,90.6,0,0,117.8,0
Kazakhstan,KAZ,0,30.7,0,0,18.4,0,0,0,0,0,0
Kazakhstan,KAZ,0,30.7,0,0,18.4,0,0,0,0,0,0
Kazakhstan,KAZ,0,30.7,0,0,18.4,0,0,0,0,0,0
Kazakhstan,KAZ,0,30.7,0,0,18.4,0,0,0,0,0,0
Kenya,KEN,6.7,0,0,0,10.5,0,0,0,0,0,0
Korea (Democratic People's Rep. of),PRK,0,0,0,11.2,0,0,0,0,0,0,0
Korea (Republic of),KOR,29.5,0,0,41.7,0,0,0,0,0,0,0
Kyrgyzstan,KGZ,0,0,42.7,0,0,0,0,0,0,0,0
Lao People's Democratic Republic,LAO,0,0,0,1,0,0,0,0,0,0,0
Latvia,LVA,0,1.2,0,0,0,0,0.7,0.7,0,0,0
Lebanon,LBN,0,29.3,28.1,24.3,0,0,0,0,0,0,0
Lesotho,LSO,0,0,1.4,0,0,0,0,0,0,0,0
Liberia,LBR,0,0,0.1,0,0,0,0,0,0,0,0
Libya,LBY,680,0,615.4,688.9,0,0,822.9,0,0,0,0
Lithuania,LTU,0,17.7,0,0,0,2.6,0,0,0,0,0
Luxembourg,LUX,0,1.6,0,0,0,0,1.3,1.2,0,0,0
Madagascar,MDG,0,0,4,0,0,0,0,0,0,0,0
Malawi,MWI,0,0,0,7.9,0,0,0,0,0,0,0
Malaysia,MYS,1.7,0,1.6,1.9,0,0,0,0,0,0,0
Malta,MLT,0,58.4,0,0,0,0,33.7,44.4,0,0,0
Mauritania,MRT,0,0,14,11.8,0,0,0,0,0,0,0
Mauritius,MUS,20.6,22.4,22.2,0,0,0,0,0,0,0,0
Mexico,MEX,0,0,0,0,0,0,17.7,0,0,18.6,0
Morocco,MAR,0,38.8,0,0,35.7,0,0,0,0,0,0
Mozambique,MOZ,0.3,0,0,0,0,0,0,0,0,0.7,0
Myanmar,MMR,0,0,2.8,0,0,0,0,0,0,0,0
Namibia,NAM,0,0.7,0,0,0,0,0,0,0,0,0
Nepal,NPL,0,0,4.5,0,0,0,0,0,0,0,0
Netherlands,NLD,0,0,0,0,0,0,11.8,0,0,0,0
New Zealand,NZL,0,0,0,0,1.6,0,0,0,0,0,0
Nicaragua,NIC,0,0,0,0,0,0.9,0,0,0,0,0
Niger,NER,1.5,0,0,2.9,0,0,0,0,0,0,0
Nigeria,NGA,0,0,3.6,4,4.4,0,0,0,0,0,0
Oman,OMN,0,0,92.9,0,0,0,0,0,0,0,0
Pakistan,PAK,0,0,69.9,0,0,0,0,0,0,0,0
"Palestine, State of",,0,0,0,48.8,0,0,0,0,0,0,0
Panama,PAN,0,0,0,0,0.7,0,0,0,0,0,0
Papua New Guinea,PNG,0,0,0,0,0,0,0,0,0,0,0
Paraguay,PRY,0,0,0.1,0,0,0,0.6,0,0,0,0
Poland,POL,0,0,0,0,0,0,19,0,0,0,0
Qatar,QAT,0,0,282.6,374.1,0,0,0,0,0,0,0
Romania,ROU,9.6,0,0,0,0,0,3.1,3,0,0,0
Russian Federation,RUS,0,0,0,0,0,0,0,1.3,0,0,0
Russian Federation,RUS,0,0,0,0,0,0,0,1.3,0,0,0
Russian Federation,RUS,0,0,0,0,0,0,0,1.3,0,0,0
Russian Federation,RUS,0,0,0,0,0,0,0,1.3,0,0,0
Rwanda,RWA,0,0,1.1,0,0,0,0,0,0,0,0
Saint Kitts and Nevis,KNA,0,0,0,0,0,0,51.3,0,0,0,0
Saint Vincent and the Grenadines,VCT,0,10,0,0,0,0,0,7.9,0,0,0
Serbia,SRB,0,0,0,0,0,0,2.4,2.6,0,0,0
Sierra Leone,SLE,0,0,0.1,0.1,0,0,0,0,0,0,0
Slovakia,SVK,0,0,0,0,0,0,1.3,0,1.1,0,0
Slovenia,SVN,0,0,0,0,0,0,2.9,3.6,0,0,0
Somalia,SOM,0,0,22.4,0,0,0,0,0,0,0,0
South Africa,ZAF,25.9,25.1,24.8,0,0,0,0,30.2,0,0,0
South Sudan,SSD,0,0,0,0,0,1.3,0,0,0,0,0
Spain,ESP,0,0,0,0,0,0,33,0,0,0,0
Sri Lanka,LKA,18.5,0,24.6,24.5,0,0,0,0,0,0,0
Sudan,SDN,0,0,0,0,0,71.2,0,0,0,0,0
Suriname,SUR,0,0,0.7,0,0,0,0,0,0,0,0
Sweden,SWE,0,0,0,0,1.5,0,0,0,0,0,0
Switzerland,CHE,0,0,0,0,0,0,3.7,0,0,0,0
Syrian Arab Republic,SYR,0,0,0,84.2,0,0,0,0,0,0,0
Tajikistan,TJK,0,0,53.2,0,0,0,0,0,0,0,0
Trinidad and Tobago,TTO,0,0,8.2,8,0,8.8,0,0,0,0,0
Tunisia,TUN,66.5,61.7,0,0,0,69.7,0,0,0,0,0
Turkey,TUR,0,0,19.9,0,0,0,0,0,0,0,0
Turkey,TUR,0,0,19.9,0,0,0,0,0,0,0,0
Turkey,TUR,0,0,19.9,0,0,0,0,0,0,0,0
Turkey,TUR,0,0,19.9,0,0,0,0,0,0,0,0
Turkmenistan,TKM,0,0,100.6,0,0,0,0,0,0,0,0
Ukraine,UKR,0,0,10.4,8.6,8.5,0,0,0,0,0,0
United Arab Emirates,ARE,0,1149,1556,1867,0,0,0,0,0,0,0
United Kingdom,GBR,8.2,8.2,0,0,0,0,5.5,0,0,0,0
United States,USA,15.2,0,15.4,15.6,13.6,0,0,0,0,0,0
Uruguay,URY,0,0,2.1,0,0,0,0,0,0,0,0
Uzbekistan,UZB,0,0,0,100.6,0,0,0,0,0,0,0
Venezuela (Bolivarian Republic of),VEN,0,0,0.7,0,0,0,0,0,0,0,0
Viet Nam,VNM,0,0,0,9.3,0,0,0,0,0,0,0
Yemen,YEM,139.1,0,161.1,168.6,0,0,0,0,0,0,0
Zambia,ZMB,0,1.5,0,0,0,0,0,0,0,0,0
Andorra,AND,0,0,0,0,0,0,0,0,0,0,0
Bahamas,BHS,0,0,0,0,0,0,0,0,0,0,0
Bangladesh,BGD,0,0,0,0,0,0,0,0,0,0,0
Belgium,BEL,0,0,0,0,0,0,0,0,0,0,0
Benin,BEN,0,0,0,0,0,0,0,0,0,0,0
Bhutan,BTN,0,0,0,0,0,0,0,0,0,0,0
Bolivia (Plurinational State of),BOL,0,0,0,0,0,0,0,0,0,0,0
Brunei Darussalam,BRN,0,0,0,0,0,0,0,0,0,0,0
Cabo Verde,CPV,0,0,0,0,0,0,0,0,0,0,0
Cambodia,KHM,0,0,0,0,0,0,0,0,0,0,0
Canada,CAN,0,0,0,0,0,0,0,0,0,0,0
Chile,CHL,0,0,0,0,0,0,0,0,0,0,0
Comoros,COM,0,0,0,0,0,0,0,0,0,0,0
Congo,COG,0,0,0,0,0,0,0,0,0,0,0
Congo,COD,0,0,0,0,0,0,0,0,0,0,0
Congo,COD,0,0,0,0,0,0,0,0,0,0,0
Greece,GRC,0,0,0,0,0,0,0,0,0,0,0
Guatemala,GTM,0,0,0,0,0,0,0,0,0,0,0
Guinea,GIN,0,0,0,0,0,0,0,0,0,0,0
Guinea,GNB,0,0,0,0,0,0,0,0,0,0,0
Guinea,GNB,0,0,0,0,0,0,0,0,0,0,0
Guinea,GNB,0,0,0,0,0,0,0,0,0,0,0
Honduras,HND,0,0,0,0,0,0,0,0,0,0,0
"Hong Kong, China (SAR)",,0,0,0,0,0,0,0,0,0,0,0
Ireland,IRL,0,0,0,0,0,0,0,0,0,0,0
Jamaica,JAM,0,0,0,0,0,0,0,0,0,0,0
Japan,JPN,0,0,0,0,0,0,0,0,0,0,0
Kiribati,KIR,0,0,0,0,0,0,0,0,0,0,0
Kuwait,KWT,0,0,0,0,0,0,0,0,0,0,0
Liechtenstein,LIE,0,0,0,0,0,0,0,0,0,0,0
Maldives,MDV,0,0,0,0,0,0,0,0,0,0,0
Mali,MLI,0,0,0,0,0,0,0,0,0,0,0
Marshall Islands,MHL,0,0,0,0,0,0,0,0,0,0,0
Micronesia (Federated States of),FSM,0,0,0,0,0,0,0,0,0,0,0
Moldova (Republic of),MDA,0,0,0,0,0,0,0,0,0,0,0
Monaco,MCO,0,0,0,0,0,0,0,0,0,0,0
Mongolia,MNG,0,0,0,0,0,0,0,0,0,0,0
Montenegro,MNE,0,0,0,0,0,0,0,0,0,0,0
Nauru,NRU,0,0,0,0,0,0,0,0,0,0,0
Norway,NOR,0,0,0,0,0,0,0,0,0,0,0
Palau,PLW,0,0,0,0,0,0,0,0,0,0,0
Peru,PER,0,0,0,0,0,0,0,0,0,0,0
Philippines,PHL,0,0,0,0,0,0,0,0,0,0,0
Portugal,PRT,0,0,0,0,0,0,0,0,0,0,0
Saint Lucia,LCA,0,0,0,0,0,0,0,0,0,0,0
Samoa,WSM,0,0,0,0,0,0,0,0,0,0,0
San Marino,SMR,0,0,0,0,0,0,0,0,0,0,0
Sao Tome and Principe,STP,0,0,0,0,0,0,0,0,0,0,0
Saudi Arabia,SAU,0,0,0,0,0,0,0,0,0,0,0
Senegal,SEN,0,0,0,0,0,0,0,0,0,0,0
Seychelles,SYC,0,0,0,0,0,0,0,0,0,0,0
Singapore,SGP,0,0,0,0,0,0,0,0,0,0,0
Solomon Islands,SLB,0,0,0,0,0,0,0,0,0,0,0
Tanzania (United Republic of),TZA,0,0,0,0,0,0,0,0,0,0,0
Thailand,THA,0,0,0,0,0,0,0,0,0,0,0
The former Yugoslav Republic of Macedonia,,0,0,0,0,0,0,0,0,0,0,0
Timor-Leste,TLS,0,0,0,0,0,0,0,0,0,0,0
Togo,TGO,0,0,0,0,0,0,0,0,0,0,0
Tonga,TON,0,0,0,0,0,0,0,0,0,0,0
Tuvalu,TUV,0,0,0,0,0,0,0,0,0,0,0
Uganda,UGA,0,0,0,0,0,0,0,0,0,0,0
Vanuatu,VUT,0,0,0,0,0,0,0,0,0,0,0
Zimbabwe,ZWE,0,0,0,0,0,0,0,0,0,0,0
